acousticness,album,analysis_url,danceability,duration_ms,energy,id,instrumentalness,key,liveness,loudness,mode,name,speechiness,tempo,time_signature,track_href,type,uri,valence,class
0.987,Grace for Drowning,https://api.spotify.com/v1/audio-analysis/4u5AgYLLsx2nkdtNYnJExm,0.128,125840,0.0173,4u5AgYLLsx2nkdtNYnJExm,0.78,9,0.099,0.9809396708072408,0,Grace for Drowning,0.0429,0.8357001662028067,4,https://api.spotify.com/v1/tracks/4u5AgYLLsx2nkdtNYnJExm,audio_features,spotify:track:4u5AgYLLsx2nkdtNYnJExm,0.0464,1.0
0.0303,Grace for Drowning,https://api.spotify.com/v1/audio-analysis/6Bn1NUtFaxnbSY4CCb0Xzj,0.52,461120,0.20800000000000002,6Bn1NUtFaxnbSY4CCb0Xzj,0.29600000000000004,5,0.0819,0.4887246347055402,1,Sectarian,0.0287,0.7181092217971538,1,https://api.spotify.com/v1/tracks/6Bn1NUtFaxnbSY4CCb0Xzj,audio_features,spotify:track:6Bn1NUtFaxnbSY4CCb0Xzj,0.0376,1.0
0.732,Grace for Drowning,https://api.spotify.com/v1/audio-analysis/1mAfaiS8yke7hG73sp3keZ,0.196,470907,0.171,1mAfaiS8yke7hG73sp3keZ,0.68,11,0.0753,0.5687985490880471,0,Deform to Form a Star,0.0376,0.35756714495048336,4,https://api.spotify.com/v1/tracks/1mAfaiS8yke7hG73sp3keZ,audio_features,spotify:track:1mAfaiS8yke7hG73sp3keZ,0.049,1.0
0.0277,Grace for Drowning,https://api.spotify.com/v1/audio-analysis/6eM6LP9zOo93sDaQpOi7Iv,0.456,344493,0.42700000000000005,6eM6LP9zOo93sDaQpOi7Iv,0.41200000000000003,0,0.0983,0.4849946959586627,0,No Part of Me,0.0328,0.7966474238564951,4,https://api.spotify.com/v1/tracks/6eM6LP9zOo93sDaQpOi7Iv,audio_features,spotify:track:6eM6LP9zOo93sDaQpOi7Iv,0.17,1.0
0.75,Grace for Drowning,https://api.spotify.com/v1/audio-analysis/60GnLUvlb4fUHThzG8rZDT,0.46399999999999997,268640,0.249,60GnLUvlb4fUHThzG8rZDT,0.408,0,0.0969,0.4801355097012627,1,Postcard,0.0294,0.6489285327930923,4,https://api.spotify.com/v1/tracks/60GnLUvlb4fUHThzG8rZDT,audio_features,spotify:track:60GnLUvlb4fUHThzG8rZDT,0.0914,1.0
0.987,Grace for Drowning,https://api.spotify.com/v1/audio-analysis/4aUL94mK40YoSreOU8Q8Um,0.17600000000000002,143293,0.0396,4aUL94mK40YoSreOU8Q8Um,0.993,3,0.1,0.9449064093351128,1,Raider Prelude,0.0391,0.6636605922327232,3,https://api.spotify.com/v1/tracks/4aUL94mK40YoSreOU8Q8Um,audio_features,spotify:track:4aUL94mK40YoSreOU8Q8Um,0.028999999999999998,1.0
0.319,Grace for Drowning,https://api.spotify.com/v1/audio-analysis/1MCamKVAN8QA68QYqpdCCy,0.418,566987,0.44299999999999995,1MCamKVAN8QA68QYqpdCCy,0.8759999999999999,9,0.0588,0.46247818499127397,0,Remainder the Black Dog,0.0264,0.4777888142560703,4,https://api.spotify.com/v1/tracks/1MCamKVAN8QA68QYqpdCCy,audio_features,spotify:track:1MCamKVAN8QA68QYqpdCCy,0.28,1.0
0.893,Grace for Drowning,https://api.spotify.com/v1/audio-analysis/3gZLvp9VKl0S96S2Rv81xk,0.36200000000000004,179427,0.0911,3gZLvp9VKl0S96S2Rv81xk,0.8170000000000001,7,0.121,0.7191937857167299,1,Belle De Jour,0.0373,0.9017829922405908,4,https://api.spotify.com/v1/tracks/3gZLvp9VKl0S96S2Rv81xk,audio_features,spotify:track:3gZLvp9VKl0S96S2Rv81xk,0.0353,1.0
0.0407,Grace for Drowning,https://api.spotify.com/v1/audio-analysis/2KV4o3wu22oasuheejHvjf,0.512,288653,0.33399999999999996,2KV4o3wu22oasuheejHvjf,0.65,0,0.632,0.5154501591212401,1,Index,0.0328,0.36886696891319104,4,https://api.spotify.com/v1/tracks/2KV4o3wu22oasuheejHvjf,audio_features,spotify:track:2KV4o3wu22oasuheejHvjf,0.146,1.0
0.914,Grace for Drowning,https://api.spotify.com/v1/audio-analysis/7eA5zUjJXy1z1Z5JWpHgCb,0.281,255507,0.155,7eA5zUjJXy1z1Z5JWpHgCb,0.763,0,0.1,0.6240290182390583,0,Track One,0.0364,0.5410933981098118,3,https://api.spotify.com/v1/tracks/7eA5zUjJXy1z1Z5JWpHgCb,audio_features,spotify:track:7eA5zUjJXy1z1Z5JWpHgCb,0.0414,1.0
0.0753,Grace for Drowning,https://api.spotify.com/v1/audio-analysis/6BzZeWZvzUvOkLlBC3KD9Z,0.258,1401213,0.426,6BzZeWZvzUvOkLlBC3KD9Z,0.598,2,0.0983,0.4829072990452726,0,Raider II,0.0509,0.6572780110736308,3,https://api.spotify.com/v1/tracks/6BzZeWZvzUvOkLlBC3KD9Z,audio_features,spotify:track:6BzZeWZvzUvOkLlBC3KD9Z,0.0365,1.0
0.799,Grace for Drowning,https://api.spotify.com/v1/audio-analysis/1uoswgp0iFqFUOGxpMfniQ,0.126,481027,0.0539,1uoswgp0iFqFUOGxpMfniQ,0.509,9,0.0901,0.6964377373986244,1,Like Dust I Have Cleared from My Eye,0.0459,0.40601673829450347,4,https://api.spotify.com/v1/tracks/1uoswgp0iFqFUOGxpMfniQ,audio_features,spotify:track:1uoswgp0iFqFUOGxpMfniQ,0.038,1.0
0.00221,The Raven That Refused to Sing (And Other Stories),https://api.spotify.com/v1/audio-analysis/033qZdFc0NDMcC5qgwuUux,0.41600000000000004,730120,0.447,033qZdFc0NDMcC5qgwuUux,0.604,4,0.083,0.3622831331485474,0,Luminol,0.0309,0.8463263279014192,4,https://api.spotify.com/v1/tracks/033qZdFc0NDMcC5qgwuUux,audio_features,spotify:track:033qZdFc0NDMcC5qgwuUux,0.28800000000000003,1.0
0.0414,The Raven That Refused to Sing (And Other Stories),https://api.spotify.com/v1/audio-analysis/4kZbYkUuDHyphD71bPMYL1,0.447,457250,0.349,4kZbYkUuDHyphD71bPMYL1,0.401,2,0.102,0.3979057591623037,1,Drive Home,0.0314,0.6093447282239902,4,https://api.spotify.com/v1/tracks/4kZbYkUuDHyphD71bPMYL1,audio_features,spotify:track:4kZbYkUuDHyphD71bPMYL1,0.0756,1.0
0.00415,The Raven That Refused to Sing (And Other Stories),https://api.spotify.com/v1/audio-analysis/6qfovhuEiazhpsIe4UqirU,0.303,613840,0.54,6qfovhuEiazhpsIe4UqirU,0.134,4,0.12300000000000001,0.3724805803647812,1,The Holy Drinker,0.0385,0.5314260987579045,4,https://api.spotify.com/v1/tracks/6qfovhuEiazhpsIe4UqirU,audio_features,spotify:track:6qfovhuEiazhpsIe4UqirU,0.10099999999999999,1.0
0.000791,The Raven That Refused to Sing (And Other Stories),https://api.spotify.com/v1/audio-analysis/2Be2FRwYOryoBs15fWt9FK,0.297,301992,0.675,2Be2FRwYOryoBs15fWt9FK,0.0016699999999999998,7,0.22,0.2985319782363207,1,The Pin Drop,0.0471,0.6418378686702791,4,https://api.spotify.com/v1/tracks/2Be2FRwYOryoBs15fWt9FK,audio_features,spotify:track:2Be2FRwYOryoBs15fWt9FK,0.04,1.0
0.185,The Raven That Refused to Sing (And Other Stories),https://api.spotify.com/v1/audio-analysis/7tXMYAIKHQ2nQ6hrJ4OnTV,0.315,702013,0.294,7tXMYAIKHQ2nQ6hrJ4OnTV,0.045,7,0.0776,0.37987201861547415,0,The Watchmaker,0.0334,0.6198086209100833,4,https://api.spotify.com/v1/tracks/7tXMYAIKHQ2nQ6hrJ4OnTV,audio_features,spotify:track:7tXMYAIKHQ2nQ6hrJ4OnTV,0.0963,1.0
0.256,The Raven That Refused to Sing (And Other Stories),https://api.spotify.com/v1/audio-analysis/69WzNkdbqaJEK6XanOkB4P,0.265,477133,0.221,69WzNkdbqaJEK6XanOkB4P,0.18600000000000003,5,0.0629,0.4446155425520994,1,The Raven That Refused to Sing,0.0329,0.6731754570577186,4,https://api.spotify.com/v1/tracks/69WzNkdbqaJEK6XanOkB4P,audio_features,spotify:track:69WzNkdbqaJEK6XanOkB4P,0.0659,1.0
0.87,Cover Version,https://api.spotify.com/v1/audio-analysis/2q47KHmsvler2EPLFOjlLT,0.353,279161,0.0805,2q47KHmsvler2EPLFOjlLT,0.00079,7,0.11599999999999999,0.6082879923348048,1,Thank You,0.0331,0.8266721084153692,4,https://api.spotify.com/v1/tracks/2q47KHmsvler2EPLFOjlLT,audio_features,spotify:track:2q47KHmsvler2EPLFOjlLT,0.23,1.0
0.866,Cover Version,https://api.spotify.com/v1/audio-analysis/4R7hbuK8y9HbtDqM2fzIN2,0.396,192124,0.11800000000000001,4R7hbuK8y9HbtDqM2fzIN2,0.0225,0,0.0739,0.5287958115183246,1,Moment I Lost,0.0368,0.590334667545214,4,https://api.spotify.com/v1/tracks/4R7hbuK8y9HbtDqM2fzIN2,audio_features,spotify:track:4R7hbuK8y9HbtDqM2fzIN2,0.0373,1.0
0.835,Cover Version,https://api.spotify.com/v1/audio-analysis/715yTq2bq8Tku9LtmmMN9O,0.531,306428,0.23199999999999998,715yTq2bq8Tku9LtmmMN9O,0.00745,1,0.534,0.5098381411901585,0,The Day Before You Came,0.0359,0.5507016905480758,4,https://api.spotify.com/v1/tracks/715yTq2bq8Tku9LtmmMN9O,audio_features,spotify:track:715yTq2bq8Tku9LtmmMN9O,0.133,1.0
0.8640000000000001,Cover Version,https://api.spotify.com/v1/audio-analysis/3DiDDrlP8GjjPKGYhxZobJ,0.501,213734,0.113,3DiDDrlP8GjjPKGYhxZobJ,0.0983,5,0.0801,0.4815042945625022,1,Please Come Home,0.0299,0.4031598202256031,4,https://api.spotify.com/v1/tracks/3DiDDrlP8GjjPKGYhxZobJ,audio_features,spotify:track:3DiDDrlP8GjjPKGYhxZobJ,0.214,1.0
0.836,Cover Version,https://api.spotify.com/v1/audio-analysis/1HRE25devhNyLMhGNbTO8u,0.389,213704,0.14,1HRE25devhNyLMhGNbTO8u,0.7879999999999999,11,0.0774,0.498990521164836,0,Four Trees Down,0.0378,0.5903789227304466,4,https://api.spotify.com/v1/tracks/1HRE25devhNyLMhGNbTO8u,audio_features,spotify:track:1HRE25devhNyLMhGNbTO8u,0.055999999999999994,1.0
0.872,Cover Version,https://api.spotify.com/v1/audio-analysis/0K8dRvlNwNhdW8QsfcR7BN,0.502,243187,0.21100000000000002,0K8dRvlNwNhdW8QsfcR7BN,0.057999999999999996,3,0.11,0.479451117270643,1,The Guitar Lesson,0.0296,0.7571717986290727,3,https://api.spotify.com/v1/tracks/0K8dRvlNwNhdW8QsfcR7BN,audio_features,spotify:track:0K8dRvlNwNhdW8QsfcR7BN,0.134,1.0
0.988,Cover Version,https://api.spotify.com/v1/audio-analysis/2IaKBr2yfgVesuv9pRTQLM,0.168,417600,0.122,2IaKBr2yfgVesuv9pRTQLM,0.495,9,0.10099999999999999,0.6534921123772371,0,The Unquiet Grave,0.0356,0.6236981599677428,4,https://api.spotify.com/v1/tracks/2IaKBr2yfgVesuv9pRTQLM,audio_features,spotify:track:2IaKBr2yfgVesuv9pRTQLM,0.0339,1.0
0.846,Cover Version,https://api.spotify.com/v1/audio-analysis/4nhy6SsrkpVddFeOWvmcdm,0.299,303134,0.115,4nhy6SsrkpVddFeOWvmcdm,0.691,2,0.32299999999999995,0.6206754953290218,0,Lord of the Reedy River,0.0336,0.6585024045317309,4,https://api.spotify.com/v1/tracks/4nhy6SsrkpVddFeOWvmcdm,audio_features,spotify:track:4nhy6SsrkpVddFeOWvmcdm,0.0393,1.0
0.675,Cover Version,https://api.spotify.com/v1/audio-analysis/4So0duSAHEaBGfh5oLbW5H,0.1,312000,0.184,4So0duSAHEaBGfh5oLbW5H,0.802,0,0.348,0.6737501283235807,1,An End to End,0.0368,0.36905874138253203,3,https://api.spotify.com/v1/tracks/4So0duSAHEaBGfh5oLbW5H,audio_features,spotify:track:4So0duSAHEaBGfh5oLbW5H,0.0358,1.0
0.0771,Hand Cannot Erase,https://api.spotify.com/v1/audio-analysis/38punNoJGGFWOgOjm8eMRJ,0.49,739983,0.354,38punNoJGGFWOgOjm8eMRJ,0.0551,2,0.348,0.4495773876740923,1,First Regret / 3 Years Older,0.0327,0.7112103301436817,4,https://api.spotify.com/v1/tracks/38punNoJGGFWOgOjm8eMRJ,audio_features,spotify:track:38punNoJGGFWOgOjm8eMRJ,0.259,1.0
0.0415,Hand Cannot Erase,https://api.spotify.com/v1/audio-analysis/3L6iaRFenZmnkepJ4Ey9Cm,0.619,253913,0.785,3L6iaRFenZmnkepJ4Ey9Cm,0.0026,1,0.136,0.4000958149402868,0,Hand Cannot Erase,0.0291,0.6785549206848736,3,https://api.spotify.com/v1/tracks/3L6iaRFenZmnkepJ4Ey9Cm,audio_features,spotify:track:3L6iaRFenZmnkepJ4Ey9Cm,0.596,1.0
0.0775,Hand Cannot Erase,https://api.spotify.com/v1/audio-analysis/7GVrWak6y01P1t8bwbZW8e,0.608,283750,0.523,7GVrWak6y01P1t8bwbZW8e,0.6,4,0.0897,0.4627177223419909,0,Perfect Life,0.0295,0.7080878809633862,4,https://api.spotify.com/v1/tracks/7GVrWak6y01P1t8bwbZW8e,audio_features,spotify:track:7GVrWak6y01P1t8bwbZW8e,0.696,1.0
0.255,Hand Cannot Erase,https://api.spotify.com/v1/audio-analysis/5cxmpBhMn4Wxs4ZyHLv4mR,0.381,538048,0.253,5cxmpBhMn4Wxs4ZyHLv4mR,0.124,2,0.126,0.4875953871950177,1,Routine,0.0382,0.6114591426295447,5,https://api.spotify.com/v1/tracks/5cxmpBhMn4Wxs4ZyHLv4mR,audio_features,spotify:track:5cxmpBhMn4Wxs4ZyHLv4mR,0.0617,1.0
0.0101,Hand Cannot Erase,https://api.spotify.com/v1/audio-analysis/1a6uHU6uqREaMMgkrKijLC,0.252,689607,0.588,1a6uHU6uqREaMMgkrKijLC,0.517,9,0.266,0.384970742223591,1,Home Invasion / Regret #9,0.0403,0.3795275513114287,4,https://api.spotify.com/v1/tracks/1a6uHU6uqREaMMgkrKijLC,audio_features,spotify:track:1a6uHU6uqREaMMgkrKijLC,0.171,1.0
0.812,Hand Cannot Erase,https://api.spotify.com/v1/audio-analysis/1m70CuyE2lzlV4GI8vNZ6e,0.223,169286,0.249,1m70CuyE2lzlV4GI8vNZ6e,0.37799999999999995,7,0.0855,0.7159087020497553,1,Transience,0.0352,0.8260181151224885,3,https://api.spotify.com/v1/tracks/1m70CuyE2lzlV4GI8vNZ6e,audio_features,spotify:track:1m70CuyE2lzlV4GI8vNZ6e,0.126,1.0
0.0117,Hand Cannot Erase,https://api.spotify.com/v1/audio-analysis/4ceTCJPLBQBOogseivMuhL,0.325,810322,0.507,4ceTCJPLBQBOogseivMuhL,0.40299999999999997,4,0.10800000000000001,0.4198747561851966,1,Ancestral,0.0478,0.6294414995623654,1,https://api.spotify.com/v1/tracks/4ceTCJPLBQBOogseivMuhL,audio_features,spotify:track:4ceTCJPLBQBOogseivMuhL,0.146,1.0
0.6809999999999999,Hand Cannot Erase,https://api.spotify.com/v1/audio-analysis/37TyzXvVbPD2JIZEm65x9h,0.301,474488,0.292,37TyzXvVbPD2JIZEm65x9h,0.052000000000000005,4,0.11,0.5136022995585671,0,Happy Returns / Ascendant Here On...,0.0396,0.6835705083445609,4,https://api.spotify.com/v1/tracks/37TyzXvVbPD2JIZEm65x9h,audio_features,spotify:track:37TyzXvVbPD2JIZEm65x9h,0.10400000000000001,1.0
0.0031100000000000004,4 1/2,https://api.spotify.com/v1/audio-analysis/5dAikvcKt6LKB09EOzg3V0,0.355,575793,0.569,5dAikvcKt6LKB09EOzg3V0,0.171,9,0.087,0.3916435684221333,1,My Book of Regrets,0.0399,0.5995741667732071,4,https://api.spotify.com/v1/tracks/5dAikvcKt6LKB09EOzg3V0,audio_features,spotify:track:5dAikvcKt6LKB09EOzg3V0,0.292,1.0
0.9440000000000001,4 1/2,https://api.spotify.com/v1/audio-analysis/1iMmanKiRKi5pVxhoMYyCO,0.25,259356,0.0751,1iMmanKiRKi5pVxhoMYyCO,0.9420000000000001,0,0.0968,0.8363959894603566,1,Year of the Plague,0.0406,0.781674419519487,3,https://api.spotify.com/v1/tracks/1iMmanKiRKi5pVxhoMYyCO,audio_features,spotify:track:1iMmanKiRKi5pVxhoMYyCO,0.0383,1.0
0.00628,4 1/2,https://api.spotify.com/v1/audio-analysis/5P92RS2Q8IFbcL5PP9mUuO,0.47,272000,0.8490000000000001,5P92RS2Q8IFbcL5PP9mUuO,0.000383,10,0.635,0.3290901002634911,1,Happiness III,0.034,0.7374339860153614,4,https://api.spotify.com/v1/tracks/5P92RS2Q8IFbcL5PP9mUuO,audio_features,spotify:track:5P92RS2Q8IFbcL5PP9mUuO,0.452,1.0
0.87,4 1/2,https://api.spotify.com/v1/audio-analysis/6u8Kh2F2dYcX3IatgPdNUc,0.5329999999999999,234873,0.106,6u8Kh2F2dYcX3IatgPdNUc,0.5589999999999999,0,0.25,0.6415494644629229,1,Sunday Rain Sets In,0.0448,0.5999626289546924,4,https://api.spotify.com/v1/tracks/6u8Kh2F2dYcX3IatgPdNUc,audio_features,spotify:track:6u8Kh2F2dYcX3IatgPdNUc,0.0347,1.0
0.00252,4 1/2,https://api.spotify.com/v1/audio-analysis/5bYAn1VVyKZLcwsyrL6cQd,0.5379999999999999,313846,0.645,5bYAn1VVyKZLcwsyrL6cQd,0.8690000000000001,4,0.149,0.4136467850665572,0,Vermillioncore,0.0386,0.4475526882566407,4,https://api.spotify.com/v1/tracks/5bYAn1VVyKZLcwsyrL6cQd,audio_features,spotify:track:5bYAn1VVyKZLcwsyrL6cQd,0.382,1.0
0.185,4 1/2,https://api.spotify.com/v1/audio-analysis/1Twu0Th2hKL7aJzplIZ6Qs,0.49,574945,0.45399999999999996,1Twu0Th2hKL7aJzplIZ6Qs,0.41700000000000004,4,0.0801,0.3794956027786333,0,Don't Hate Me,0.0283,0.4476067779274805,4,https://api.spotify.com/v1/tracks/1Twu0Th2hKL7aJzplIZ6Qs,audio_features,spotify:track:1Twu0Th2hKL7aJzplIZ6Qs,0.157,1.0
0.00202,Insurgentes (2016 Remaster),https://api.spotify.com/v1/audio-analysis/4qGpycLh5QWK8PJT1mPD2z,0.439,308500,0.605,4qGpycLh5QWK8PJT1mPD2z,0.534,4,0.0723,0.365636656058584,0,Harmony Korine,0.0283,0.6884926683909797,4,https://api.spotify.com/v1/tracks/4qGpycLh5QWK8PJT1mPD2z,audio_features,spotify:track:4qGpycLh5QWK8PJT1mPD2z,0.107,1.0
0.195,Insurgentes (2016 Remaster),https://api.spotify.com/v1/audio-analysis/5o5JWi8E1zeqF288NaQpFf,0.488,288338,0.376,5o5JWi8E1zeqF288NaQpFf,0.877,4,0.10099999999999999,0.5627416760770626,0,Abandoner,0.0317,0.7576241849670052,4,https://api.spotify.com/v1/tracks/5o5JWi8E1zeqF288NaQpFf,audio_features,spotify:track:5o5JWi8E1zeqF288NaQpFf,0.0676,1.0
0.22699999999999998,Insurgentes (2016 Remaster),https://api.spotify.com/v1/audio-analysis/47B84zX194xQxzDyJDdte7,0.489,497752,0.49200000000000005,47B84zX194xQxzDyJDdte7,0.8809999999999999,11,0.251,0.406734421517298,1,Salvaging,0.0352,0.6097676111051011,4,https://api.spotify.com/v1/tracks/47B84zX194xQxzDyJDdte7,audio_features,spotify:track:47B84zX194xQxzDyJDdte7,0.0373,1.0
0.609,Insurgentes (2016 Remaster),https://api.spotify.com/v1/audio-analysis/30bNQdHtlEKCHyc8bGAVI4,0.255,358238,0.27699999999999997,30bNQdHtlEKCHyc8bGAVI4,0.877,9,0.113,0.7616261164151525,0,Veneno Para Las Hadas,0.0376,0.6687696075056794,4,https://api.spotify.com/v1/tracks/30bNQdHtlEKCHyc8bGAVI4,audio_features,spotify:track:30bNQdHtlEKCHyc8bGAVI4,0.0735,1.0
0.00773,Insurgentes (2016 Remaster),https://api.spotify.com/v1/audio-analysis/1OolhlC40SrPyo06hQTqXT,0.34299999999999997,517656,0.42700000000000005,1OolhlC40SrPyo06hQTqXT,0.82,8,0.0718,0.4424254867741163,1,No Twilight Within the Courts of the Sun,0.0331,0.9099652842658064,4,https://api.spotify.com/v1/tracks/1OolhlC40SrPyo06hQTqXT,audio_features,spotify:track:1OolhlC40SrPyo06hQTqXT,0.0611,1.0
0.00040300000000000004,Insurgentes (2016 Remaster),https://api.spotify.com/v1/audio-analysis/6lPcDYvLwfc4Q0H5Q1pfKw,0.155,271728,0.48100000000000004,6lPcDYvLwfc4Q0H5Q1pfKw,0.742,2,0.67,0.3948602128460459,1,Significant Other,0.0303,0.7566899088343183,3,https://api.spotify.com/v1/tracks/6lPcDYvLwfc4Q0H5Q1pfKw,audio_features,spotify:track:6lPcDYvLwfc4Q0H5Q1pfKw,0.0711,1.0
0.0052,Insurgentes (2016 Remaster),https://api.spotify.com/v1/audio-analysis/2jtqqeqju3JDaYY5kontMj,0.613,263742,0.513,2jtqqeqju3JDaYY5kontMj,0.84,4,0.0792,0.3359340245696883,0,Only Child,0.027000000000000003,0.4769922209218847,4,https://api.spotify.com/v1/tracks/2jtqqeqju3JDaYY5kontMj,audio_features,spotify:track:2jtqqeqju3JDaYY5kontMj,0.113,1.0
0.624,Insurgentes (2016 Remaster),https://api.spotify.com/v1/audio-analysis/5wADBzuyR8NCzmxJWSS7pL,0.371,204917,0.17600000000000002,5wADBzuyR8NCzmxJWSS7pL,0.89,5,0.0749,0.6990726482565103,0,Twilight Coda,0.0322,0.44227156948555796,4,https://api.spotify.com/v1/tracks/5wADBzuyR8NCzmxJWSS7pL,audio_features,spotify:track:5wADBzuyR8NCzmxJWSS7pL,0.0313,1.0
0.196,Insurgentes (2016 Remaster),https://api.spotify.com/v1/audio-analysis/15Y2DNJoMzpbS91EJBdkwI,0.41200000000000003,376927,0.196,15Y2DNJoMzpbS91EJBdkwI,0.731,2,0.162,0.4896827841084078,1,Get All You Deserve,0.0413,0.4525830276447391,4,https://api.spotify.com/v1/tracks/15Y2DNJoMzpbS91EJBdkwI,audio_features,spotify:track:15Y2DNJoMzpbS91EJBdkwI,0.0585,1.0
0.976,Insurgentes (2016 Remaster),https://api.spotify.com/v1/audio-analysis/6KtzgMp9buurtR1woK6IeN,0.547,234782,0.204,6KtzgMp9buurtR1woK6IeN,0.85,2,0.0969,0.6082879923348048,1,Insurgentes,0.0331,0.4527797173568836,4,https://api.spotify.com/v1/tracks/6KtzgMp9buurtR1woK6IeN,audio_features,spotify:track:6KtzgMp9buurtR1woK6IeN,0.0521,1.0
0.0453,To The Bone,https://api.spotify.com/v1/audio-analysis/3aTmXPZxyXcB7kDVEzhyLv,0.5489999999999999,401479,0.713,3aTmXPZxyXcB7kDVEzhyLv,0.0145,4,0.11900000000000001,0.3870581391369812,1,To The Bone,0.0473,0.4916603562050687,4,https://api.spotify.com/v1/tracks/3aTmXPZxyXcB7kDVEzhyLv,audio_features,spotify:track:3aTmXPZxyXcB7kDVEzhyLv,0.20600000000000002,1.0
0.0129,To The Bone,https://api.spotify.com/v1/audio-analysis/6IyWD0fAwt05ee3emHHXkn,0.578,243865,0.6,6IyWD0fAwt05ee3emHHXkn,0.0131,9,0.126,0.4032440201211375,1,Nowhere Now,0.0327,0.6440801313887277,4,https://api.spotify.com/v1/tracks/6IyWD0fAwt05ee3emHHXkn,audio_features,spotify:track:6IyWD0fAwt05ee3emHHXkn,0.154,1.0
0.0948,To The Bone,https://api.spotify.com/v1/audio-analysis/7CcaktZZsdb8AWPdhDM38f,0.494,286225,0.204,7CcaktZZsdb8AWPdhDM38f,0.0891,6,0.209,0.4524176162611642,0,Pariah,0.0326,0.6637933577884209,4,https://api.spotify.com/v1/tracks/7CcaktZZsdb8AWPdhDM38f,audio_features,spotify:track:7CcaktZZsdb8AWPdhDM38f,0.0491,1.0
0.0099,To The Bone,https://api.spotify.com/v1/audio-analysis/5EYEOZLyr1XuHzW5ZPLkFD,0.457,314479,0.8290000000000001,5EYEOZLyr1XuHzW5ZPLkFD,0.0007769999999999999,4,0.319,0.3135886117099545,0,The Same Asylum As Before,0.0467,0.7771063009549285,4,https://api.spotify.com/v1/tracks/5EYEOZLyr1XuHzW5ZPLkFD,audio_features,spotify:track:5EYEOZLyr1XuHzW5ZPLkFD,0.499,1.0
0.0873,To The Bone,https://api.spotify.com/v1/audio-analysis/3lxD0l11Oog4UUZe24SrkG,0.43,403959,0.273,3lxD0l11Oog4UUZe24SrkG,0.031,4,0.0823,0.4823255654792458,0,Refuge,0.0361,0.5605017554556808,4,https://api.spotify.com/v1/tracks/3lxD0l11Oog4UUZe24SrkG,audio_features,spotify:track:3lxD0l11Oog4UUZe24SrkG,0.0483,1.0
0.04,To The Bone,https://api.spotify.com/v1/audio-analysis/1tzCbOeyoKtCNkynz4HmQk,0.5820000000000001,214612,0.746,1tzCbOeyoKtCNkynz4HmQk,6.19e-05,0,0.431,0.2957601888923109,0,Permanating,0.0263,0.6789876380515917,4,https://api.spotify.com/v1/tracks/1tzCbOeyoKtCNkynz4HmQk,audio_features,spotify:track:1tzCbOeyoKtCNkynz4HmQk,0.507,1.0
0.975,To The Bone,https://api.spotify.com/v1/audio-analysis/0PaCLduwMvGn19BNUHq0L1,0.603,128505,0.0722,0PaCLduwMvGn19BNUHq0L1,0.127,5,0.11699999999999999,0.6666666666666666,1,Blank Tapes,0.0375,0.5698543512681569,3,https://api.spotify.com/v1/tracks/0PaCLduwMvGn19BNUHq0L1,audio_features,spotify:track:0PaCLduwMvGn19BNUHq0L1,0.174,1.0
0.00215,To The Bone,https://api.spotify.com/v1/audio-analysis/5LlhPAV6Wtwc3veHr4u2ZB,0.336,362519,0.795,5LlhPAV6Wtwc3veHr4u2ZB,0.0333,0,0.262,0.3452759812476474,1,People Who Eat Darkness,0.0507,0.3746103085078135,4,https://api.spotify.com/v1/tracks/5LlhPAV6Wtwc3veHr4u2ZB,audio_features,spotify:track:5LlhPAV6Wtwc3veHr4u2ZB,0.304,1.0
0.25,To The Bone,https://api.spotify.com/v1/audio-analysis/0rHyrUwNjEJKRywss2MvTm,0.5489999999999999,321905,0.27399999999999997,0rHyrUwNjEJKRywss2MvTm,0.6779999999999999,8,0.0954,0.5679088389282415,1,Song Of I,0.0412,0.8363394077672767,4,https://api.spotify.com/v1/tracks/0rHyrUwNjEJKRywss2MvTm,audio_features,spotify:track:0rHyrUwNjEJKRywss2MvTm,0.233,1.0
0.00843,To The Bone,https://api.spotify.com/v1/audio-analysis/5ZcxDZkfflzvZ5nJPyzXZs,0.5489999999999999,559905,0.7609999999999999,5ZcxDZkfflzvZ5nJPyzXZs,0.759,0,0.11199999999999999,0.3778872805666769,1,Detonation,0.040999999999999995,0.6736917675520981,4,https://api.spotify.com/v1/tracks/5ZcxDZkfflzvZ5nJPyzXZs,audio_features,spotify:track:5ZcxDZkfflzvZ5nJPyzXZs,0.325,1.0
0.639,To The Bone,https://api.spotify.com/v1/audio-analysis/6bHiGzAT6lxyWRBXd6lVRF,0.47100000000000003,355892,0.239,6bHiGzAT6lxyWRBXd6lVRF,0.0315,7,0.152,0.4965951476576669,1,Song Of Unborn,0.0346,0.5707492894584149,4,https://api.spotify.com/v1/tracks/6bHiGzAT6lxyWRBXd6lVRF,audio_features,spotify:track:6bHiGzAT6lxyWRBXd6lVRF,0.043,1.0
0.0013800000000000002,In Absentia,https://api.spotify.com/v1/audio-analysis/60WI0RpQhFyXuyPvrPPFiH,0.498,263547,0.845,60WI0RpQhFyXuyPvrPPFiH,0.00255,2,0.09,0.17530712110324062,1,Blackest Eyes,0.0373,0.4679985838340725,4,https://api.spotify.com/v1/tracks/60WI0RpQhFyXuyPvrPPFiH,audio_features,spotify:track:60WI0RpQhFyXuyPvrPPFiH,0.13699999999999998,1.0
0.0423,In Absentia,https://api.spotify.com/v1/audio-analysis/1HfVdg6TNKHtpsMPc07HTO,0.456,358600,0.7759999999999999,1HfVdg6TNKHtpsMPc07HTO,0.00975,9,0.14800000000000002,0.2395031310953701,0,Trains,0.0348,0.8568836482007808,4,https://api.spotify.com/v1/tracks/1HfVdg6TNKHtpsMPc07HTO,audio_features,spotify:track:1HfVdg6TNKHtpsMPc07HTO,0.223,1.0
0.614,In Absentia,https://api.spotify.com/v1/audio-analysis/1HnffYBxZjjqPx8aeiWhZk,0.228,279240,0.392,1HnffYBxZjjqPx8aeiWhZk,0.257,11,0.508,0.2898059747459193,0,Lips Of Ashes,0.0283,0.3918550790200918,4,https://api.spotify.com/v1/tracks/1HnffYBxZjjqPx8aeiWhZk,audio_features,spotify:track:1HnffYBxZjjqPx8aeiWhZk,0.0462,1.0
0.0499,In Absentia,https://api.spotify.com/v1/audio-analysis/4QjDEMmKqBIbMCBETddJ3x,0.244,301600,0.934,4QjDEMmKqBIbMCBETddJ3x,0.0189,2,0.16699999999999998,0.15190089997604628,0,The Sound Of Muzak,0.059000000000000004,0.4338876705053942,4,https://api.spotify.com/v1/tracks/4QjDEMmKqBIbMCBETddJ3x,audio_features,spotify:track:4QjDEMmKqBIbMCBETddJ3x,0.473,1.0
0.0225,In Absentia,https://api.spotify.com/v1/audio-analysis/1BGRJLcfQ4P3PycdfsKKIG,0.287,476773,0.6920000000000001,1BGRJLcfQ4P3PycdfsKKIG,0.225,5,0.0963,0.2702323512301954,1,Gravity Eyelids,0.0523,0.5451697923940088,5,https://api.spotify.com/v1/tracks/1BGRJLcfQ4P3PycdfsKKIG,audio_features,spotify:track:1BGRJLcfQ4P3PycdfsKKIG,0.16399999999999998,1.0
0.0036799999999999997,In Absentia,https://api.spotify.com/v1/audio-analysis/40eosDOhkDzcO0RIgJMtdY,0.522,393760,0.9570000000000001,40eosDOhkDzcO0RIgJMtdY,0.782,2,0.0824,0.20518085069979128,1,Wedding Nails,0.14,0.6132391845244535,4,https://api.spotify.com/v1/tracks/40eosDOhkDzcO0RIgJMtdY,audio_features,spotify:track:40eosDOhkDzcO0RIgJMtdY,0.114,1.0
0.0031100000000000004,In Absentia,https://api.spotify.com/v1/audio-analysis/2CjExIhGEyHCSHuqAdx5SJ,0.439,332667,0.8170000000000001,2CjExIhGEyHCSHuqAdx5SJ,0.23800000000000002,7,0.261,0.17352770078362936,1,Prodigal,0.0322,0.7635691315165759,4,https://api.spotify.com/v1/tracks/2CjExIhGEyHCSHuqAdx5SJ,audio_features,spotify:track:2CjExIhGEyHCSHuqAdx5SJ,0.387,1.0
0.00246,In Absentia,https://api.spotify.com/v1/audio-analysis/28NJbBPk0ggVksbEsCfWgm,0.29600000000000004,325573,0.614,28NJbBPk0ggVksbEsCfWgm,0.878,2,0.217,0.2459022003216645,0,.3,0.0326,0.7575504263249511,4,https://api.spotify.com/v1/tracks/28NJbBPk0ggVksbEsCfWgm,audio_features,spotify:track:28NJbBPk0ggVksbEsCfWgm,0.172,1.0
0.00017900000000000001,In Absentia,https://api.spotify.com/v1/audio-analysis/4PY3GI36M5xzCy2cngog58,0.44299999999999995,321600,0.951,4PY3GI36M5xzCy2cngog58,0.27399999999999997,2,0.105,0.2271156281011532,1,The Creator Has A Mastertape,0.105,0.7879389868512927,4,https://api.spotify.com/v1/tracks/4PY3GI36M5xzCy2cngog58,audio_features,spotify:track:4PY3GI36M5xzCy2cngog58,0.281,1.0
0.838,In Absentia,https://api.spotify.com/v1/audio-analysis/7n81PdPdZYvt9BRdWCQryU,0.442,255600,0.32299999999999995,7n81PdPdZYvt9BRdWCQryU,0.0004969999999999999,6,0.166,0.2757417102966841,0,Heartattack In A Layby,0.0283,0.428395110293756,4,https://api.spotify.com/v1/tracks/7n81PdPdZYvt9BRdWCQryU,audio_features,spotify:track:7n81PdPdZYvt9BRdWCQryU,0.0399,1.0
0.0019199999999999998,In Absentia,https://api.spotify.com/v1/audio-analysis/6LVbyUVhbhhNN7uc2bqEqg,0.537,441893,0.67,6LVbyUVhbhhNN7uc2bqEqg,0.716,7,0.115,0.2080210792868631,1,Strip The Soul,0.047,0.7584355300296018,3,https://api.spotify.com/v1/tracks/6LVbyUVhbhhNN7uc2bqEqg,audio_features,spotify:track:6LVbyUVhbhhNN7uc2bqEqg,0.22399999999999998,1.0
0.938,In Absentia,https://api.spotify.com/v1/audio-analysis/7w6iYu1lV7WKZJbSgAf4S1,0.41100000000000003,352640,0.316,7w6iYu1lV7WKZJbSgAf4S1,0.894,7,0.113,0.29445984327413344,1,Collapse The Light Into Earth,0.028999999999999998,0.738525613917764,3,https://api.spotify.com/v1/tracks/7w6iYu1lV7WKZJbSgAf4S1,audio_features,spotify:track:7w6iYu1lV7WKZJbSgAf4S1,0.121,1.0
0.00202,Deadwing,https://api.spotify.com/v1/audio-analysis/6us1MSxEvRjJVD3ZZILYZj,0.527,586573,0.888,6us1MSxEvRjJVD3ZZILYZj,0.627,0,0.381,0.19556513704958425,1,Deadwing,0.0486,0.7768309353579259,4,https://api.spotify.com/v1/tracks/6us1MSxEvRjJVD3ZZILYZj,audio_features,spotify:track:6us1MSxEvRjJVD3ZZILYZj,0.294,1.0
0.000833,Deadwing,https://api.spotify.com/v1/audio-analysis/36BI9UfUU1AvI2mzgPXOL9,0.435,257267,0.9309999999999999,36BI9UfUU1AvI2mzgPXOL9,0.0175,7,0.0704,0.09092153440782944,1,Shallow,0.0514,0.8564410963484554,4,https://api.spotify.com/v1/tracks/36BI9UfUU1AvI2mzgPXOL9,audio_features,spotify:track:36BI9UfUU1AvI2mzgPXOL9,0.7020000000000001,1.0
0.203,Deadwing,https://api.spotify.com/v1/audio-analysis/1EL8X3XUO27bksrv9cLvXE,0.354,258587,0.581,1EL8X3XUO27bksrv9cLvXE,0.655,9,0.177,0.20784998117920814,1,Lazarus,0.0302,0.8455739897524659,4,https://api.spotify.com/v1/tracks/1EL8X3XUO27bksrv9cLvXE,audio_features,spotify:track:1EL8X3XUO27bksrv9cLvXE,0.337,1.0
0.000508,Deadwing,https://api.spotify.com/v1/audio-analysis/7lqZVOSl9uDx8l2TwxkLnV,0.61,278520,0.848,7lqZVOSl9uDx8l2TwxkLnV,0.636,11,0.7170000000000001,0.1498477226841871,0,Halo,0.0347,0.4819881396103576,4,https://api.spotify.com/v1/tracks/7lqZVOSl9uDx8l2TwxkLnV,audio_features,spotify:track:7lqZVOSl9uDx8l2TwxkLnV,0.695,1.0
0.016,Deadwing,https://api.spotify.com/v1/audio-analysis/1w4hNYAyebg75ltxpiJa4A,0.376,722200,0.789,1w4hNYAyebg75ltxpiJa4A,0.7040000000000001,2,0.245,0.17219313554392088,0,Arriving Somewhere But Not Here,0.05,0.7865916623231022,4,https://api.spotify.com/v1/tracks/1w4hNYAyebg75ltxpiJa4A,audio_features,spotify:track:1w4hNYAyebg75ltxpiJa4A,0.0483,1.0
0.264,Deadwing,https://api.spotify.com/v1/audio-analysis/4JVF8B4l0qWRnfbwsEC4us,0.526,417080,0.565,4JVF8B4l0qWRnfbwsEC4us,0.446,10,0.132,0.2777606679670123,1,Mellotron Scratch,0.0272,0.3980950601378795,4,https://api.spotify.com/v1/tracks/4JVF8B4l0qWRnfbwsEC4us,audio_features,spotify:track:4JVF8B4l0qWRnfbwsEC4us,0.133,1.0
0.0037799999999999995,Deadwing,https://api.spotify.com/v1/audio-analysis/7lof1Y18CJZ9fGXRKiLfRR,0.54,226760,0.505,7lof1Y18CJZ9fGXRKiLfRR,0.013000000000000001,2,0.10400000000000001,0.2037094069739589,0,Open Car,0.0303,0.7866260830227275,3,https://api.spotify.com/v1/tracks/7lof1Y18CJZ9fGXRKiLfRR,audio_features,spotify:track:7lof1Y18CJZ9fGXRKiLfRR,0.41,1.0
0.00997,Deadwing,https://api.spotify.com/v1/audio-analysis/4Dx3aH0Dx9cH06fZpMrIEb,0.536,459947,0.594,4Dx3aH0Dx9cH06fZpMrIEb,0.775,9,0.657,0.2152414194299011,0,The Start of Something Beautiful,0.0309,0.786734262364407,3,https://api.spotify.com/v1/tracks/4Dx3aH0Dx9cH06fZpMrIEb,audio_features,spotify:track:4Dx3aH0Dx9cH06fZpMrIEb,0.226,1.0
0.389,Deadwing,https://api.spotify.com/v1/audio-analysis/4788NyHT8fy9PVvZslR0wi,0.486,372293,0.529,4788NyHT8fy9PVvZslR0wi,0.86,4,0.725,0.2770762755363926,0,Glass Arm Shattering,0.0279,0.48183078784064204,4,https://api.spotify.com/v1/tracks/4788NyHT8fy9PVvZslR0wi,audio_features,spotify:track:4788NyHT8fy9PVvZslR0wi,0.0392,1.0
0.851,The Incident,https://api.spotify.com/v1/audio-analysis/0KW5uNlBLcPgrT9Vi2Das1,0.21899999999999997,118080,0.0114,0KW5uNlBLcPgrT9Vi2Das1,0.904,2,0.207,0.9790918112445676,1,Occam's Razor,0.0515,0.613627646705939,3,https://api.spotify.com/v1/tracks/0KW5uNlBLcPgrT9Vi2Das1,audio_features,spotify:track:0KW5uNlBLcPgrT9Vi2Das1,0.0315,1.0
0.013000000000000001,The Incident,https://api.spotify.com/v1/audio-analysis/6j2IrhQXfb8iB0AVkHCgjY,0.509,347013,0.527,6j2IrhQXfb8iB0AVkHCgjY,0.0241,10,0.0525,0.3661157307600178,1,The Blind House,0.0314,0.7279977970752239,5,https://api.spotify.com/v1/tracks/6j2IrhQXfb8iB0AVkHCgjY,audio_features,spotify:track:6j2IrhQXfb8iB0AVkHCgjY,0.175,1.0
0.00147,The Incident,https://api.spotify.com/v1/audio-analysis/6cAYNHlOo7IddNDn5cmGAy,0.46399999999999997,86187,0.586,6cAYNHlOo7IddNDn5cmGAy,0.00149,2,0.177,0.3169421346199912,0,Great Expectations,0.0287,0.3837662146081449,4,https://api.spotify.com/v1/tracks/6cAYNHlOo7IddNDn5cmGAy,audio_features,spotify:track:6cAYNHlOo7IddNDn5cmGAy,0.34700000000000003,1.0
0.8859999999999999,The Incident,https://api.spotify.com/v1/audio-analysis/0nnvAxEjMPhPGQFj4OrIG9,0.5329999999999999,123080,0.0615,0nnvAxEjMPhPGQFj4OrIG9,0.0162,11,0.126,0.7219997946822708,0,Kneel and Disconnect,0.0321,0.3838645594642172,4,https://api.spotify.com/v1/tracks/0nnvAxEjMPhPGQFj4OrIG9,audio_features,spotify:track:0nnvAxEjMPhPGQFj4OrIG9,0.10300000000000001,1.0
0.0262,The Incident,https://api.spotify.com/v1/audio-analysis/7AryXBNJFKFavtioATZRsC,0.519,283213,0.563,7AryXBNJFKFavtioATZRsC,0.0795,0,0.175,0.31851623721041644,1,Drawing the Line,0.0306,0.3836088628384292,4,https://api.spotify.com/v1/tracks/7AryXBNJFKFavtioATZRsC,audio_features,spotify:track:7AryXBNJFKFavtioATZRsC,0.42200000000000004,1.0
0.0134,The Incident,https://api.spotify.com/v1/audio-analysis/3qStRkC8ZvpXGpKzlH48hR,0.529,320000,0.73,3qStRkC8ZvpXGpKzlH48hR,0.22,2,0.275,0.3601615166136263,1,The Incident,0.0622,0.7962638789178131,4,https://api.spotify.com/v1/tracks/3qStRkC8ZvpXGpKzlH48hR,audio_features,spotify:track:3qStRkC8ZvpXGpKzlH48hR,0.327,1.0
0.00498,The Incident,https://api.spotify.com/v1/audio-analysis/5fZrEiSGXNpDSbtuHpDA0h,0.41700000000000004,108453,0.703,5fZrEiSGXNpDSbtuHpDA0h,0.28800000000000003,0,0.45299999999999996,0.32118536768983336,1,Your Unpleasant Family,0.0277,0.3980950601378795,4,https://api.spotify.com/v1/tracks/5fZrEiSGXNpDSbtuHpDA0h,audio_features,spotify:track:5fZrEiSGXNpDSbtuHpDA0h,0.22,1.0
0.0151,The Incident,https://api.spotify.com/v1/audio-analysis/3ai3l4GIofDQPcxrAoZiPs,0.509,700640,0.574,3ai3l4GIofDQPcxrAoZiPs,0.209,5,0.158,0.3407247715840263,1,Time Flies,0.0288,0.6426492137328758,4,https://api.spotify.com/v1/tracks/3ai3l4GIofDQPcxrAoZiPs,audio_features,spotify:track:3ai3l4GIofDQPcxrAoZiPs,0.151,1.0
0.889,The Incident,https://api.spotify.com/v1/audio-analysis/56yGKrecuX9J77pe2Oqknp,0.314,105027,0.0144,56yGKrecuX9J77pe2Oqknp,0.81,7,0.109,0.4711357492386135,1,Degree Zero of Liberty,0.0521,0.44686427426413455,4,https://api.spotify.com/v1/tracks/56yGKrecuX9J77pe2Oqknp,audio_features,spotify:track:56yGKrecuX9J77pe2Oqknp,0.0824,1.0
0.0586,The Incident,https://api.spotify.com/v1/audio-analysis/397XG2ewKrFbbAYnV8tdSy,0.568,303173,0.563,397XG2ewKrFbbAYnV8tdSy,0.932,7,0.14300000000000002,0.3649864832494953,0,Octane Twisted,0.0262,0.4670495559729748,4,https://api.spotify.com/v1/tracks/397XG2ewKrFbbAYnV8tdSy,audio_features,spotify:track:397XG2ewKrFbbAYnV8tdSy,0.174,1.0
0.861,The Incident,https://api.spotify.com/v1/audio-analysis/1vNk5kI1fN1zpoHi9Fcvqe,0.348,159173,0.187,1vNk5kI1fN1zpoHi9Fcvqe,0.0672,0,0.439,0.634363343941416,0,The Seance,0.0351,0.5930686545440239,5,https://api.spotify.com/v1/tracks/1vNk5kI1fN1zpoHi9Fcvqe,audio_features,spotify:track:1vNk5kI1fN1zpoHi9Fcvqe,0.147,1.0
0.00318,The Incident,https://api.spotify.com/v1/audio-analysis/3ZiMDaDMkG7w8wrdXR8XU5,0.551,138067,0.7979999999999999,3ZiMDaDMkG7w8wrdXR8XU5,0.875,0,0.249,0.3271395818362249,1,Circle of Manias,0.05,0.4671774042858688,4,https://api.spotify.com/v1/tracks/3ZiMDaDMkG7w8wrdXR8XU5,audio_features,spotify:track:3ZiMDaDMkG7w8wrdXR8XU5,0.7859999999999999,1.0
0.42,The Incident,https://api.spotify.com/v1/audio-analysis/1uxoXkqBBXnf5muhMjtfe1,0.353,404773,0.287,1uxoXkqBBXnf5muhMjtfe1,0.0618,7,0.11,0.5491222667077302,1,I Drive the Hearse,0.0324,0.6387301712183943,3,https://api.spotify.com/v1/tracks/1uxoXkqBBXnf5muhMjtfe1,audio_features,spotify:track:1uxoXkqBBXnf5muhMjtfe1,0.191,1.0
0.531,The Incident,https://api.spotify.com/v1/audio-analysis/69A5QG3evizbYEdMQy9xg2,0.578,222307,0.34,69A5QG3evizbYEdMQy9xg2,0.287,9,0.0917,0.4103274817780516,0,Flicker,0.0295,0.5508295388609699,4,https://api.spotify.com/v1/tracks/69A5QG3evizbYEdMQy9xg2,audio_features,spotify:track:69A5QG3evizbYEdMQy9xg2,0.07400000000000001,1.0
0.0050799999999999994,The Incident,https://api.spotify.com/v1/audio-analysis/2VA9wnMBYvGvCtdF6DIWHp,0.591,345000,0.772,2VA9wnMBYvGvCtdF6DIWHp,0.84,4,0.133,0.37148821134038257,0,Bonnie the Cat,0.0488,0.5408721221836492,4,https://api.spotify.com/v1/tracks/2VA9wnMBYvGvCtdF6DIWHp,audio_features,spotify:track:2VA9wnMBYvGvCtdF6DIWHp,0.506,1.0
0.823,The Incident,https://api.spotify.com/v1/audio-analysis/1mtVToJu84G5iBk2yeRMNP,0.604,220107,0.251,1mtVToJu84G5iBk2yeRMNP,0.142,4,0.109,0.5039181466652979,1,Black Dahlia,0.0331,0.5702821513920714,4,https://api.spotify.com/v1/tracks/1mtVToJu84G5iBk2yeRMNP,audio_features,spotify:track:1mtVToJu84G5iBk2yeRMNP,0.127,1.0
0.0199,The Incident,https://api.spotify.com/v1/audio-analysis/5OZjlpVk9l3MG2H3FyxlyT,0.511,454173,0.445,5OZjlpVk9l3MG2H3FyxlyT,0.85,9,0.0544,0.3718988467987545,1,Remember Me Lover,0.0296,0.6537375962550279,3,https://api.spotify.com/v1/tracks/5OZjlpVk9l3MG2H3FyxlyT,audio_features,spotify:track:5OZjlpVk9l3MG2H3FyxlyT,0.107,1.0
0.322,Intimate Connection,https://api.spotify.com/v1/audio-analysis/2RYQ6GVwDM9QtNOy4fgvAG,0.845,310667,0.33,2RYQ6GVwDM9QtNOy4fgvAG,0.7140000000000001,9,0.0432,0.50364438969305,0,Tonight,0.044000000000000004,0.5166399496474336,4,https://api.spotify.com/v1/tracks/2RYQ6GVwDM9QtNOy4fgvAG,audio_features,spotify:track:2RYQ6GVwDM9QtNOy4fgvAG,0.883,0.0
0.23800000000000002,Back In The Day: The Best Of Bootsy,https://api.spotify.com/v1/audio-analysis/42rFOQqHmXf9IkdwVqkooK,0.47700000000000004,297493,0.5660000000000001,42rFOQqHmXf9IkdwVqkooK,0.0,2,0.122,0.4200116346713205,1,I'd Rather Be With You,0.335,0.8256394874266102,4,https://api.spotify.com/v1/tracks/42rFOQqHmXf9IkdwVqkooK,audio_features,spotify:track:42rFOQqHmXf9IkdwVqkooK,0.778,0.0
0.087,Commodores,https://api.spotify.com/v1/audio-analysis/5VJjhHyG8NZ5xdgG6uTb3P,0.845,208893,0.7829999999999999,5VJjhHyG8NZ5xdgG6uTb3P,0.00466,4,0.0321,0.3593060260753516,0,Brick House,0.0666,0.5307081813085766,4,https://api.spotify.com/v1/tracks/5VJjhHyG8NZ5xdgG6uTb3P,audio_features,spotify:track:5VJjhHyG8NZ5xdgG6uTb3P,0.5770000000000001,0.0
0.0238,Legends,https://api.spotify.com/v1/audio-analysis/6gmRPsNgsK6T0xPmsv8jzU,0.903,302853,0.46299999999999997,6gmRPsNgsK6T0xPmsv8jzU,0.107,5,0.0826,0.3152995927865038,0,I'm In Love,0.0837,0.5651337981766863,4,https://api.spotify.com/v1/tracks/6gmRPsNgsK6T0xPmsv8jzU,audio_features,spotify:track:6gmRPsNgsK6T0xPmsv8jzU,0.733,0.0
0.297,Body Talk,https://api.spotify.com/v1/audio-analysis/1EOlxJCq3fXCIvqWJm1xrO,0.698,275733,0.43200000000000005,1EOlxJCq3fXCIvqWJm1xrO,0.00762,2,0.0485,0.5923416487013653,1,Flashback,0.0375,0.5415310327193336,4,https://api.spotify.com/v1/tracks/1EOlxJCq3fXCIvqWJm1xrO,audio_features,spotify:track:1EOlxJCq3fXCIvqWJm1xrO,0.679,0.0
0.0644,100 80s,https://api.spotify.com/v1/audio-analysis/5raFCl4hSyGkrnPE6UY9cj,0.85,332695,0.499,5raFCl4hSyGkrnPE6UY9cj,1.65e-05,9,0.0995,0.3763473975977826,0,Walking Into Sunshine,0.153,0.54995918688473,4,https://api.spotify.com/v1/tracks/5raFCl4hSyGkrnPE6UY9cj,audio_features,spotify:track:5raFCl4hSyGkrnPE6UY9cj,0.8340000000000001,0.0
0.54,The Best of Kano,https://api.spotify.com/v1/audio-analysis/41FtRk7igTgYHkn5V8kxaz,0.872,280999,0.514,41FtRk7igTgYHkn5V8kxaz,0.0067599999999999995,9,0.075,0.4317489648564488,0,Can't Hold Back Your Loving - Extended Album Version,0.0758,0.5262974145137339,4,https://api.spotify.com/v1/tracks/41FtRk7igTgYHkn5V8kxaz,audio_features,spotify:track:41FtRk7igTgYHkn5V8kxaz,0.7979999999999999,0.0
0.114,Cutie Pie,https://api.spotify.com/v1/audio-analysis/3kim6v8wY7HLPaNmw99SxD,0.878,328893,0.535,3kim6v8wY7HLPaNmw99SxD,8.45e-06,2,0.0419,0.3465763268658249,1,Cutie Pie,0.055999999999999994,0.5039928011565354,4,https://api.spotify.com/v1/tracks/3kim6v8wY7HLPaNmw99SxD,audio_features,spotify:track:3kim6v8wY7HLPaNmw99SxD,0.958,0.0
0.0378,Random Access Memories,https://api.spotify.com/v1/audio-analysis/69kOkLUCkxIZYexIgSG8rq,0.81,369627,0.7929999999999999,69kOkLUCkxIZYexIgSG8rq,1.82e-06,6,0.07200000000000001,0.3218013208773911,0,Get Lucky,0.0403,0.5706411101167354,4,https://api.spotify.com/v1/tracks/69kOkLUCkxIZYexIgSG8rq,audio_features,spotify:track:69kOkLUCkxIZYexIgSG8rq,0.863,0.0
0.29,Nights (Feel Like Getting Down),https://api.spotify.com/v1/audio-analysis/7sVM7pkTzJkHLIsK2jetXV,0.883,229747,0.82,7sVM7pkTzJkHLIsK2jetXV,0.00037,9,0.114,0.2062758785887828,0,Nights (Feel Like Gettin' Down),0.13,0.5675875023356903,4,https://api.spotify.com/v1/tracks/7sVM7pkTzJkHLIsK2jetXV,audio_features,spotify:track:7sVM7pkTzJkHLIsK2jetXV,0.8390000000000001,0.0
0.17,Subways,https://api.spotify.com/v1/audio-analysis/4T9SPNw54GY4PB0Df5AEON,0.502,190907,0.867,4T9SPNw54GY4PB0Df5AEON,0.0247,8,0.638,0.2316668377647743,1,Subways,0.0614,0.5496887385305311,3,https://api.spotify.com/v1/tracks/4T9SPNw54GY4PB0Df5AEON,audio_features,spotify:track:4T9SPNw54GY4PB0Df5AEON,0.547,0.0
0.705,By Your Side,https://api.spotify.com/v1/audio-analysis/4qPTaehSZWKeaIgiIyprLs,0.831,215787,0.794,4qPTaehSZWKeaIgiIyprLs,3.4e-05,2,0.0978,0.1266468192861787,0,Baby I'm Yours (feat. Irfane),0.0752,0.5806034440368596,4,https://api.spotify.com/v1/tracks/4qPTaehSZWKeaIgiIyprLs,audio_features,spotify:track:4qPTaehSZWKeaIgiIyprLs,0.735,0.0
0.000252,The Best Of INXS,https://api.spotify.com/v1/audio-analysis/0iGT97GWnVHTV5joSyZPze,0.276,266027,0.883,0iGT97GWnVHTV5joSyZPze,0.462,9,0.0973,0.1924853711117955,1,Don't Change,0.0446,0.8066835164186736,4,https://api.spotify.com/v1/tracks/0iGT97GWnVHTV5joSyZPze,audio_features,spotify:track:0iGT97GWnVHTV5joSyZPze,0.16399999999999998,0.0
0.0246,The Very Very Best Of Crowded House (Deluxe),https://api.spotify.com/v1/audio-analysis/1fiDe8sb2DMEU4JGPOIEB1,0.44299999999999995,238363,0.732,1fiDe8sb2DMEU4JGPOIEB1,2.09e-05,8,0.0675,0.23091400609109264,1,Don't Dream It's Over,0.0408,0.3971607840051926,4,https://api.spotify.com/v1/tracks/1fiDe8sb2DMEU4JGPOIEB1,audio_features,spotify:track:1fiDe8sb2DMEU4JGPOIEB1,0.489,0.0
0.379,Hot Space,https://api.spotify.com/v1/audio-analysis/7rgZTzcjofQJY5kz9FO3OS,0.664,246907,0.511,7rgZTzcjofQJY5kz9FO3OS,0.0,2,0.0884,0.4333230674468741,1,Under Pressure,0.0585,0.5581414789099456,4,https://api.spotify.com/v1/tracks/7rgZTzcjofQJY5kz9FO3OS,audio_features,spotify:track:7rgZTzcjofQJY5kz9FO3OS,0.494,0.0
0.551,Face Value (Deluxe Editon),https://api.spotify.com/v1/audio-analysis/18AXbzPzBS8Y3AkgSxzJPb,0.446,336453,0.239,18AXbzPzBS8Y3AkgSxzJPb,4.1e-06,0,0.0697,0.477192622249598,1,In The Air Tonight - 2015 Remastered,0.0316,0.9318519319846976,4,https://api.spotify.com/v1/tracks/18AXbzPzBS8Y3AkgSxzJPb,audio_features,spotify:track:18AXbzPzBS8Y3AkgSxzJPb,0.298,0.0
0.00021099999999999998,The Joshua Tree (Deluxe Edition Remastered),https://api.spotify.com/v1/audio-analysis/5JGEAz15LkPoOtFHttDtVs,0.539,295520,0.44799999999999995,5JGEAz15LkPoOtFHttDtVs,0.405,2,0.149,0.4026280669335797,1,With Or Without You - Remastered 2007,0.0325,0.5416293775754059,4,https://api.spotify.com/v1/tracks/5JGEAz15LkPoOtFHttDtVs,audio_features,spotify:track:5JGEAz15LkPoOtFHttDtVs,0.13699999999999998,0.0
0.0591,Slippery When Wet,https://api.spotify.com/v1/audio-analysis/2tyW1uBUnYMKAFEfKDKi9B,0.5589999999999999,250307,0.687,2tyW1uBUnYMKAFEfKDKi9B,3.59e-05,0,0.0896,0.3734045101461178,1,Livin' On A Prayer,0.0311,0.6031785057482568,4,https://api.spotify.com/v1/tracks/2tyW1uBUnYMKAFEfKDKi9B,audio_features,spotify:track:2tyW1uBUnYMKAFEfKDKi9B,0.8540000000000001,0.0
0.006409999999999999,Platinum Collection,https://api.spotify.com/v1/audio-analysis/6Bh83dOo88nf6Ez5qHDsZe,0.47600000000000003,213013,0.773,6Bh83dOo88nf6Ez5qHDsZe,0.0327,7,0.11,0.237347294938918,1,Heroes - 1998 Remastered Version,0.0293,0.5562434231877501,4,https://api.spotify.com/v1/tracks/6Bh83dOo88nf6Ez5qHDsZe,audio_features,spotify:track:6Bh83dOo88nf6Ez5qHDsZe,0.256,0.0
0.963,Westworld: Season 1 (Music from the HBO® Series),https://api.spotify.com/v1/audio-analysis/21IbySSBxLZoLIhvf8HNQi,0.166,265690,0.075,21IbySSBxLZoLIhvf8HNQi,0.9440000000000001,11,0.0783,0.7092358758512131,0,Bicameral Mind,0.0365,0.6632426265944159,3,https://api.spotify.com/v1/tracks/21IbySSBxLZoLIhvf8HNQi,audio_features,spotify:track:21IbySSBxLZoLIhvf8HNQi,0.0374,0.0
0.9890000000000001,The Last of Us,https://api.spotify.com/v1/audio-analysis/5PvWM8RrfJ1vNBoRHviWMB,0.163,187853,0.00374,5PvWM8RrfJ1vNBoRHviWMB,0.945,6,0.0982,0.930431509427506,0,Home,0.05,0.36017820087920294,4,https://api.spotify.com/v1/tracks/5PvWM8RrfJ1vNBoRHviWMB,audio_features,spotify:track:5PvWM8RrfJ1vNBoRHviWMB,0.161,0.0
0.917,Westworld: Season 1 (Music from the HBO® Series),https://api.spotify.com/v1/audio-analysis/1G81FwrRLEk0c6g7JM77Da,0.0695,162151,0.0286,1G81FwrRLEk0c6g7JM77Da,0.139,7,0.0766,0.673236834000616,1,Motion Picture Soundtrack,0.045,0.3861707463391128,3,https://api.spotify.com/v1/tracks/1G81FwrRLEk0c6g7JM77Da,audio_features,spotify:track:1G81FwrRLEk0c6g7JM77Da,0.0333,0.0
0.986,Hotline Miami: The Takedown EP,https://api.spotify.com/v1/audio-analysis/4e6tEXni2K0cZYFmku6Htf,0.433,134400,0.244,4e6tEXni2K0cZYFmku6Htf,0.757,0,0.111,0.4034835574718544,0,Flatline,0.0344,0.4923586046831821,4,https://api.spotify.com/v1/tracks/4e6tEXni2K0cZYFmku6Htf,audio_features,spotify:track:4e6tEXni2K0cZYFmku6Htf,0.035,0.0
0.968,Drive Streaming Edition (Original Motion Picture Soundtrack),https://api.spotify.com/v1/audio-analysis/5f9FtptYX3YSE45n8PuonL,0.23800000000000002,123533,0.0543,5f9FtptYX3YSE45n8PuonL,0.948,0,0.0799,0.8975464531362283,1,I Drive,0.0402,0.35607230313818433,3,https://api.spotify.com/v1/tracks/5f9FtptYX3YSE45n8PuonL,audio_features,spotify:track:5f9FtptYX3YSE45n8PuonL,0.0352,0.0
0.47100000000000003,The Danish Girl (Original Motion Picture Soundtrack),https://api.spotify.com/v1/audio-analysis/62qJB1cZ913YPiKTj75Drl,0.0778,236720,0.111,62qJB1cZ913YPiKTj75Drl,0.629,7,0.27399999999999997,0.5542209903158472,0,The Mirror,0.0389,0.3603355526489187,4,https://api.spotify.com/v1/tracks/62qJB1cZ913YPiKTj75Drl,audio_features,spotify:track:62qJB1cZ913YPiKTj75Drl,0.0399,0.0
0.943,Logan (Original Motion Picture Soundtrack),https://api.spotify.com/v1/audio-analysis/5HGtsQcIq2wnFQ85cyPowh,0.478,141253,0.182,5HGtsQcIq2wnFQ85cyPowh,0.35100000000000003,7,0.0725,0.5146973274475585,1,Main Titles,0.0355,0.3506239981117788,4,https://api.spotify.com/v1/tracks/5HGtsQcIq2wnFQ85cyPowh,audio_features,spotify:track:5HGtsQcIq2wnFQ85cyPowh,0.0388,0.0
0.991,La La Land (Original Motion Picture Score),https://api.spotify.com/v1/audio-analysis/3EdoVT18WTQNKkdfIn9nkl,0.425,94693,0.0491,3EdoVT18WTQNKkdfIn9nkl,0.894,3,0.105,0.8092256099647538,1,It’s Over / Engagement Party,0.0465,0.37912925464433583,3,https://api.spotify.com/v1/tracks/3EdoVT18WTQNKkdfIn9nkl,audio_features,spotify:track:3EdoVT18WTQNKkdfIn9nkl,0.193,0.0
0.879,Swiss Army Man (Original Motion Picture Soundtrack),https://api.spotify.com/v1/audio-analysis/7GVzK9TrAucds3UCeguP7e,0.382,117899,0.172,7GVzK9TrAucds3UCeguP7e,3.75e-05,11,0.10300000000000001,0.5405673613249837,1,River Rocket (feat. Paul Dano and Daniel Radcliffe),0.0358,0.6218984491016197,3,https://api.spotify.com/v1/tracks/7GVzK9TrAucds3UCeguP7e,audio_features,spotify:track:7GVzK9TrAucds3UCeguP7e,0.11,0.0
0.7959999999999999,Swiss Army Man (Original Motion Picture Soundtrack),https://api.spotify.com/v1/audio-analysis/0YO6wqg2D0TGmO4yq7uiV3,0.163,168195,0.152,0YO6wqg2D0TGmO4yq7uiV3,0.986,8,0.0934,0.5528864250761387,0,Finale,0.0377,0.5355516654701376,3,https://api.spotify.com/v1/tracks/0YO6wqg2D0TGmO4yq7uiV3,audio_features,spotify:track:0YO6wqg2D0TGmO4yq7uiV3,0.0342,0.0
0.9890000000000001,20th Century Women (Original Motion Picture Soundtrack),https://api.spotify.com/v1/audio-analysis/6cFrp5ccUVhyZl1K1aNwpV,0.174,170693,0.0404,6cFrp5ccUVhyZl1K1aNwpV,0.9520000000000001,5,0.0648,0.7859904869452145,1,Everything On Television,0.0498,0.6677664899737418,4,https://api.spotify.com/v1/tracks/6cFrp5ccUVhyZl1K1aNwpV,audio_features,spotify:track:6cFrp5ccUVhyZl1K1aNwpV,0.0362,0.0
0.8859999999999999,Spider-Man - Original Motion Picture Score,https://api.spotify.com/v1/audio-analysis/3Dz89fxRjwX50mpEeIggpt,0.16699999999999998,191600,0.0979,3Dz89fxRjwX50mpEeIggpt,0.895,0,0.0927,0.5904253498956302,1,Farewell,0.038,0.5515917114955302,1,https://api.spotify.com/v1/tracks/3Dz89fxRjwX50mpEeIggpt,audio_features,spotify:track:3Dz89fxRjwX50mpEeIggpt,0.0637,0.0
0.98,"Stranger Things, Vol. 1 (A Netflix Original Series Soundtrack)",https://api.spotify.com/v1/audio-analysis/4cocLXeDOiFIPBgZCvJ3RF,0.129,143880,0.0192,4cocLXeDOiFIPBgZCvJ3RF,0.872,11,0.0878,1.0,1,This Isn't You,0.0372,0.3927647689387606,4,https://api.spotify.com/v1/tracks/4cocLXeDOiFIPBgZCvJ3RF,audio_features,spotify:track:4cocLXeDOiFIPBgZCvJ3RF,0.0352,0.0
0.531,Stardew Valley (Original Game Soundtrack),https://api.spotify.com/v1/audio-analysis/5DVXRcMdA0YHSNyCl5hBAK,0.5479999999999999,172903,0.193,5DVXRcMdA0YHSNyCl5hBAK,0.667,7,0.111,0.6803887349005919,1,Mines (Crystal Bells),0.0348,0.4573675048926566,3,https://api.spotify.com/v1/tracks/5DVXRcMdA0YHSNyCl5hBAK,audio_features,spotify:track:5DVXRcMdA0YHSNyCl5hBAK,0.0895,0.0
0.9940000000000001,Stardew Valley (Original Game Soundtrack),https://api.spotify.com/v1/audio-analysis/5oXVwGwCArQrkbxzUYTMtb,0.512,106105,0.0305,5oXVwGwCArQrkbxzUYTMtb,0.9259999999999999,4,0.0875,0.7087568011497793,1,Mines (Cloth),0.0394,0.4670692249441893,4,https://api.spotify.com/v1/tracks/5oXVwGwCArQrkbxzUYTMtb,audio_features,spotify:track:5oXVwGwCArQrkbxzUYTMtb,0.154,0.0
0.904,Raw (Original Motion Picture Soundtrack),https://api.spotify.com/v1/audio-analysis/4RyIU3OzKpvgIN6Htafdfg,0.171,176787,0.196,4RyIU3OzKpvgIN6Htafdfg,0.878,5,0.106,0.5407042398111077,1,End Credits: Finale Reprise,0.0406,0.6135686397922956,3,https://api.spotify.com/v1/tracks/4RyIU3OzKpvgIN6Htafdfg,audio_features,spotify:track:4RyIU3OzKpvgIN6Htafdfg,0.0446,0.0
0.98,Minecraft - Volume Alpha,https://api.spotify.com/v1/audio-analysis/6xwhCiWXREsAIQVZqHswVw,0.267,254000,0.0154,6xwhCiWXREsAIQVZqHswVw,0.636,1,0.0662,0.7843821647332581,1,Minecraft,0.0445,0.6933902422233804,4,https://api.spotify.com/v1/tracks/6xwhCiWXREsAIQVZqHswVw,audio_features,spotify:track:6xwhCiWXREsAIQVZqHswVw,0.10800000000000001,0.0
0.9940000000000001,The Social Network,https://api.spotify.com/v1/audio-analysis/0AJUX8BRUehB6RHPZUOoYS,0.413,74691,0.0752,0AJUX8BRUehB6RHPZUOoYS,0.8640000000000001,7,0.11199999999999999,0.7962563734045102,0,Penetration,0.0304,0.8158787604614341,3,https://api.spotify.com/v1/tracks/0AJUX8BRUehB6RHPZUOoYS,audio_features,spotify:track:0AJUX8BRUehB6RHPZUOoYS,0.0642,0.0
0.982,The Social Network,https://api.spotify.com/v1/audio-analysis/4R5yVjajdiX8m1EYhG0Yml,0.257,284619,0.152,4R5yVjajdiX8m1EYhG0Yml,0.894,10,0.0631,0.7590254251787976,1,Soft Trees Break the Fall,0.038,0.8697422381322345,3,https://api.spotify.com/v1/tracks/4R5yVjajdiX8m1EYhG0Yml,audio_features,spotify:track:4R5yVjajdiX8m1EYhG0Yml,0.0299,0.0
0.6409999999999999,Game of Thrones (Music from the HBO® Series - Season 5),https://api.spotify.com/v1/audio-analysis/0Y7n1RE7g1kkPc6CQCdfuO,0.518,93107,0.612,0Y7n1RE7g1kkPc6CQCdfuO,0.894,5,0.0617,0.3920199842589741,0,Blood of the Dragon,0.0312,0.5506082629348071,3,https://api.spotify.com/v1/tracks/0Y7n1RE7g1kkPc6CQCdfuO,audio_features,spotify:track:0Y7n1RE7g1kkPc6CQCdfuO,0.733,0.0
0.792,The Greatest Video Game Music,https://api.spotify.com/v1/audio-analysis/05XPxcgHp4I4CFlOhMnskS,0.249,229777,0.316,05XPxcgHp4I4CFlOhMnskS,0.963,1,0.294,0.4991616192724909,1,Super Mario Galaxy: Gusty Garden Galaxy,0.0368,0.7567489157479617,4,https://api.spotify.com/v1/tracks/05XPxcgHp4I4CFlOhMnskS,audio_features,spotify:track:05XPxcgHp4I4CFlOhMnskS,0.32,0.0
0.67,The Incredibles,https://api.spotify.com/v1/audio-analysis/270S3DKYFMNksPsfLeTEAv,0.583,84173,0.508,270S3DKYFMNksPsfLeTEAv,0.757,3,0.11900000000000001,0.31683947575539817,1,Life's Incredible Again,0.0354,0.5898527777504597,3,https://api.spotify.com/v1/tracks/270S3DKYFMNksPsfLeTEAv,audio_features,spotify:track:270S3DKYFMNksPsfLeTEAv,0.797,0.0
0.8420000000000001,The Theory of Everything (Original Motion Picture Soundtrack),https://api.spotify.com/v1/audio-analysis/0kbLBB45YGGWNu3AUL6FIL,0.42100000000000004,68692,0.11699999999999999,0kbLBB45YGGWNu3AUL6FIL,0.948,2,0.11599999999999999,0.6057899599630429,1,The Theory of Everything,0.04,0.5119390655271776,4,https://api.spotify.com/v1/tracks/0kbLBB45YGGWNu3AUL6FIL,audio_features,spotify:track:0kbLBB45YGGWNu3AUL6FIL,0.18100000000000002,0.0
0.0462,Blurryface,https://api.spotify.com/v1/audio-analysis/3CRDbSIZ4r5MsZ0YwxuEkn,0.7340000000000001,202333,0.637,3CRDbSIZ4r5MsZ0YwxuEkn,2.2899999999999998e-05,4,0.0602,0.1942647914314068,0,Stressed Out,0.141,0.8358181800300934,4,https://api.spotify.com/v1/tracks/3CRDbSIZ4r5MsZ0YwxuEkn,audio_features,spotify:track:3CRDbSIZ4r5MsZ0YwxuEkn,0.648,0.0
0.318,So Good,https://api.spotify.com/v1/audio-analysis/4LasgvllN0I6swXxeTHfyE,0.593,180687,0.21100000000000002,4LasgvllN0I6swXxeTHfyE,0.0,4,0.10099999999999999,0.28227765800910243,0,So Good,0.273,0.4721733229743418,5,https://api.spotify.com/v1/tracks/4LasgvllN0I6swXxeTHfyE,audio_features,spotify:track:4LasgvllN0I6swXxeTHfyE,0.8340000000000001,0.0
0.0631,"Bang Gang 12s Compilation, Pt. 1: A Selection",https://api.spotify.com/v1/audio-analysis/0qZDOfTqF4OGaako5PopdQ,0.669,233333,0.7140000000000001,0qZDOfTqF4OGaako5PopdQ,0.00214,11,0.11699999999999999,0.18406734421517296,1,Shooting Stars - Original Mix,0.0395,0.6146405987234838,4,https://api.spotify.com/v1/tracks/0qZDOfTqF4OGaako5PopdQ,audio_features,spotify:track:0qZDOfTqF4OGaako5PopdQ,0.42700000000000005,0.0
0.0512,Too Many Voices,https://api.spotify.com/v1/audio-analysis/4XGQUYPYfHpCMrO8BKOk5F,0.706,339460,0.625,4XGQUYPYfHpCMrO8BKOk5F,0.687,1,0.0816,0.3401772576395305,1,New Romantic,0.0355,0.4916210182626397,4,https://api.spotify.com/v1/tracks/4XGQUYPYfHpCMrO8BKOk5F,audio_features,spotify:track:4XGQUYPYfHpCMrO8BKOk5F,0.0635,0.0
0.6990000000000001,Ecstasy,https://api.spotify.com/v1/audio-analysis/6NpzkIYecTgirnDViWoisp,0.706,235627,0.3,6NpzkIYecTgirnDViWoisp,0.0271,2,0.10800000000000001,0.4865345789275571,0,The Moth & The Flame,0.0302,0.5355024930421014,4,https://api.spotify.com/v1/tracks/6NpzkIYecTgirnDViWoisp,audio_features,spotify:track:6NpzkIYecTgirnDViWoisp,0.0819,0.0
0.023,Technique Summer 2016 (100% Drum & Bass),https://api.spotify.com/v1/audio-analysis/07XfT0ua06R8CItt1kRnQw,0.687,310938,0.963,07XfT0ua06R8CItt1kRnQw,0.7709999999999999,11,0.111,0.16586250556068852,0,Day I Left,0.0864,0.8606797596451716,4,https://api.spotify.com/v1/tracks/07XfT0ua06R8CItt1kRnQw,audio_features,spotify:track:07XfT0ua06R8CItt1kRnQw,0.28300000000000003,0.0
0.063,Sexualizer EP,https://api.spotify.com/v1/audio-analysis/5QyvmZYiOuK0saTv6J77Yg,0.611,271047,0.9420000000000001,5QyvmZYiOuK0saTv6J77Yg,0.0557,5,0.11,0.1133011668890942,0,Miami Disco,0.10099999999999999,0.5900888054050333,4,https://api.spotify.com/v1/tracks/5QyvmZYiOuK0saTv6J77Yg,audio_features,spotify:track:5QyvmZYiOuK0saTv6J77Yg,0.94,0.0
6.720000000000001e-05,Trilogy,https://api.spotify.com/v1/audio-analysis/7fCJ3DTer4Y8RPSHR1AWKk,0.312,208973,0.755,7fCJ3DTer4Y8RPSHR1AWKk,0.076,5,0.272,0.057249426821339364,0,Turbo Killer,0.067,0.7236312854656137,4,https://api.spotify.com/v1/tracks/7fCJ3DTer4Y8RPSHR1AWKk,audio_features,spotify:track:7fCJ3DTer4Y8RPSHR1AWKk,0.28800000000000003,0.0
0.20600000000000002,Born To Die,https://api.spotify.com/v1/audio-analysis/5kMAugdkH2coRHRnW5FuDb,0.428,286253,0.654,5kMAugdkH2coRHRnW5FuDb,0.00014,4,0.196,0.22359100708346166,0,Born To Die,0.0342,0.4227255293411878,4,https://api.spotify.com/v1/tracks/5kMAugdkH2coRHRnW5FuDb,audio_features,spotify:track:5kMAugdkH2coRHRnW5FuDb,0.436,0.0
0.0746,Born To Die,https://api.spotify.com/v1/audio-analysis/2MPXgW4JEswl0T70mI2Lli,0.379,299933,0.7020000000000001,2MPXgW4JEswl0T70mI2Lli,0.0019100000000000002,4,0.561,0.18680491393765186,0,Off To The Races,0.0621,0.7855492068487356,4,https://api.spotify.com/v1/tracks/2MPXgW4JEswl0T70mI2Lli,audio_features,spotify:track:2MPXgW4JEswl0T70mI2Lli,0.10400000000000001,0.0
0.95,Coexist,https://api.spotify.com/v1/audio-analysis/1zuKjpp4t7BS8JPKi6mkQr,0.424,171653,0.157,1zuKjpp4t7BS8JPKi6mkQr,0.0593,9,0.10099999999999999,0.6207781541936146,1,Angels,0.0428,0.4501096545145206,4,https://api.spotify.com/v1/tracks/1zuKjpp4t7BS8JPKi6mkQr,audio_features,spotify:track:1zuKjpp4t7BS8JPKi6mkQr,0.342,0.0
0.965,The Fault In Our Stars: Music From The Motion Picture,https://api.spotify.com/v1/audio-analysis/4TWywHo2zy1FF6vZewaPHW,0.406,189880,0.14400000000000002,4TWywHo2zy1FF6vZewaPHW,2.42e-05,0,0.0857,0.33983506142422065,1,Not About Angels,0.0355,0.5727850279791115,4,https://api.spotify.com/v1/tracks/4TWywHo2zy1FF6vZewaPHW,audio_features,spotify:track:4TWywHo2zy1FF6vZewaPHW,0.226,0.0
0.324,Stranger,https://api.spotify.com/v1/audio-analysis/4AMeTATGlTyPaPCRzpvN47,0.45899999999999996,313460,0.325,4AMeTATGlTyPaPCRzpvN47,0.899,4,0.113,0.4589193443520514,1,Masollan,0.0261,0.4465692396959177,4,https://api.spotify.com/v1/tracks/4AMeTATGlTyPaPCRzpvN47,audio_features,spotify:track:4AMeTATGlTyPaPCRzpvN47,0.17600000000000002,0.0
0.205,Special Herbs Vol. 1 & 2,https://api.spotify.com/v1/audio-analysis/2h2gvXmfvbvoeSh0fVSxFJ,0.787,204133,0.9670000000000001,2h2gvXmfvbvoeSh0fVSxFJ,0.894,6,0.0877,0.11278787256612942,0,Saffron,0.0715,0.9387606581237768,4,https://api.spotify.com/v1/tracks/2h2gvXmfvbvoeSh0fVSxFJ,audio_features,spotify:track:2h2gvXmfvbvoeSh0fVSxFJ,0.97,0.0
0.309,Still Your Girl,https://api.spotify.com/v1/audio-analysis/381tcoi1dZZl0TM2Yozz9K,0.626,247619,0.332,381tcoi1dZZl0TM2Yozz9K,0.231,9,0.0795,0.30729220134825314,1,Still Your Girl,0.0291,0.6194545794282229,4,https://api.spotify.com/v1/tracks/381tcoi1dZZl0TM2Yozz9K,audio_features,spotify:track:381tcoi1dZZl0TM2Yozz9K,0.16399999999999998,0.0
0.466,Satan's Hands,https://api.spotify.com/v1/audio-analysis/0kSs2zmoa2t9YrXzEDHSYJ,0.6409999999999999,358373,0.639,0kSs2zmoa2t9YrXzEDHSYJ,0.0167,11,0.0757,0.44396536974301065,1,Krawn the Destroyer,0.0312,0.6149848057197368,4,https://api.spotify.com/v1/tracks/0kSs2zmoa2t9YrXzEDHSYJ,audio_features,spotify:track:0kSs2zmoa2t9YrXzEDHSYJ,0.618,0.0
0.41,AHJ (EP),https://api.spotify.com/v1/audio-analysis/5AmasTTtlCw1w1N2DaCW0E,0.672,183853,0.895,5AmasTTtlCw1w1N2DaCW0E,0.11,11,0.113,0.1667864353420251,1,St. Justice,0.0384,0.4475133503142118,4,https://api.spotify.com/v1/tracks/5AmasTTtlCw1w1N2DaCW0E,audio_features,spotify:track:5AmasTTtlCw1w1N2DaCW0E,0.537,0.0
0.00856,You Are Going to Hate This,https://api.spotify.com/v1/audio-analysis/7qu8bbYd447AiHOydbqe2c,0.616,187147,0.682,7qu8bbYd447AiHOydbqe2c,0.281,2,0.26899999999999996,0.3277897546453137,1,Afraid of the Dark,0.0463,0.8212828103026071,4,https://api.spotify.com/v1/tracks/7qu8bbYd447AiHOydbqe2c,audio_features,spotify:track:7qu8bbYd447AiHOydbqe2c,0.613,0.0
7.68e-05,Run Run Run/MalesMalesMales,https://api.spotify.com/v1/audio-analysis/6CoSNWo8cRik6fr7Ovl9Ee,0.41600000000000004,138587,0.762,6CoSNWo8cRik6fr7Ovl9Ee,0.7859999999999999,3,0.0521,0.2533278581938884,0,So High,0.0343,0.8307189992427445,4,https://api.spotify.com/v1/tracks/6CoSNWo8cRik6fr7Ovl9Ee,audio_features,spotify:track:6CoSNWo8cRik6fr7Ovl9Ee,0.725,0.0
0.273,Satan's Hands,https://api.spotify.com/v1/audio-analysis/2JqRNK63878m5IlMJLZikZ,0.5589999999999999,309080,0.467,2JqRNK63878m5IlMJLZikZ,1.27e-06,11,0.654,0.4292167128631557,1,Satan's Hands,0.0337,0.5659598949676936,4,https://api.spotify.com/v1/tracks/2JqRNK63878m5IlMJLZikZ,audio_features,spotify:track:2JqRNK63878m5IlMJLZikZ,0.588,0.0
4.2e-05,El Pintor,https://api.spotify.com/v1/audio-analysis/41g3tCnqP8yTauiPQPndVO,0.28800000000000003,262427,0.907,41g3tCnqP8yTauiPQPndVO,0.579,7,0.27699999999999997,0.1968654826677617,1,All The Rage Back Home,0.0576,0.4154234237778193,4,https://api.spotify.com/v1/tracks/41g3tCnqP8yTauiPQPndVO,audio_features,spotify:track:41g3tCnqP8yTauiPQPndVO,0.349,0.0
0.096,An Awesome Wave,https://api.spotify.com/v1/audio-analysis/3n69hLUdIsSa1WlRmjMZlW,0.616,227080,0.6559999999999999,3n69hLUdIsSa1WlRmjMZlW,0.0008789999999999999,5,0.205,0.2497347979331349,1,Breezeblocks,0.0344,0.7379355447813302,4,https://api.spotify.com/v1/tracks/3n69hLUdIsSa1WlRmjMZlW,audio_features,spotify:track:3n69hLUdIsSa1WlRmjMZlW,0.28600000000000003,0.0
0.856,Little Neon Limelight,https://api.spotify.com/v1/audio-analysis/2aw5hvET9JcqwFJp8UaGL2,0.534,229947,0.254,2aw5hvET9JcqwFJp8UaGL2,0.00010800000000000001,3,0.0724,0.3592375868322896,1,For No One,0.0326,0.6350914115437192,4,https://api.spotify.com/v1/tracks/2aw5hvET9JcqwFJp8UaGL2,audio_features,spotify:track:2aw5hvET9JcqwFJp8UaGL2,0.165,0.0
0.691,The Secret Life Of Walter Mitty (Music From And Inspired By The Motion Picture),https://api.spotify.com/v1/audio-analysis/5HV47k4eFD8dCqixc6xZRz,0.6809999999999999,235227,0.526,5HV47k4eFD8dCqixc6xZRz,0.515,10,0.12300000000000001,0.4325017965301304,1,Don't Let It Pass,0.027999999999999997,0.6861471435736552,4,https://api.spotify.com/v1/tracks/5HV47k4eFD8dCqixc6xZRz,audio_features,spotify:track:5HV47k4eFD8dCqixc6xZRz,0.46299999999999997,0.0
0.46299999999999997,The Reminder,https://api.spotify.com/v1/audio-analysis/3ghgwo0BTPm329zGMQRfn7,0.561,219480,0.698,3ghgwo0BTPm329zGMQRfn7,4.31e-05,2,0.102,0.19399103445915888,1,I Feel It All,0.0468,0.8450035895872465,4,https://api.spotify.com/v1/tracks/3ghgwo0BTPm329zGMQRfn7,audio_features,spotify:track:3ghgwo0BTPm329zGMQRfn7,0.68,0.0
0.0485,1989-2009,https://api.spotify.com/v1/audio-analysis/7eZ4KmTpotzNLlVELZx0nW,0.475,218328,0.74,7eZ4KmTpotzNLlVELZx0nW,0.0,10,0.19399999999999998,0.17212469630085891,1,Intocable - 2008 Digital Remaster,0.03,0.3781802267832381,4,https://api.spotify.com/v1/tracks/7eZ4KmTpotzNLlVELZx0nW,audio_features,spotify:track:7eZ4KmTpotzNLlVELZx0nW,0.48,0.0
0.36,1989-2009,https://api.spotify.com/v1/audio-analysis/2SfWO6xWCJd7q5oiUcphyi,0.664,275077,0.7979999999999999,2SfWO6xWCJd7q5oiUcphyi,0.0,6,0.225,0.16808678096020258,0,Duele El Amor - 2008 - Remaster;,0.0373,0.6390399575150222,4,https://api.spotify.com/v1/tracks/2SfWO6xWCJd7q5oiUcphyi,audio_features,spotify:track:2SfWO6xWCJd7q5oiUcphyi,0.665,0.0
0.45,Falta amor,https://api.spotify.com/v1/audio-analysis/4Ofg5uuH7qqDIXpAJMpXZV,0.643,250107,0.809,4Ofg5uuH7qqDIXpAJMpXZV,1.22e-06,7,0.154,0.11206926051397872,1,Rayando el sol,0.027999999999999997,0.5540601673829451,4,https://api.spotify.com/v1/tracks/4Ofg5uuH7qqDIXpAJMpXZV,audio_features,spotify:track:4Ofg5uuH7qqDIXpAJMpXZV,0.499,0.0
0.00201,Dónde jugarán los niños?,https://api.spotify.com/v1/audio-analysis/0NfdbvWFwlVMA183QibxCB,0.534,271320,0.925,0NfdbvWFwlVMA183QibxCB,0.000692,9,0.134,0.17787359271806455,1,Me vale,0.035,0.8206878239233697,4,https://api.spotify.com/v1/tracks/0NfdbvWFwlVMA183QibxCB,audio_features,spotify:track:0NfdbvWFwlVMA183QibxCB,0.753,0.0
0.00576,Six Pack: Jesse & Joy - EP,https://api.spotify.com/v1/audio-analysis/7rGadqZ92cyRGmkDDpxAzH,0.605,222627,0.48,7rGadqZ92cyRGmkDDpxAzH,7.32e-05,0,0.14300000000000002,0.21749991445094616,1,Espacio Sideral,0.0285,0.4426600316670437,4,https://api.spotify.com/v1/tracks/7rGadqZ92cyRGmkDDpxAzH,audio_features,spotify:track:7rGadqZ92cyRGmkDDpxAzH,0.8109999999999999,0.0
0.0124,Anoche,https://api.spotify.com/v1/audio-analysis/1devU3Tqs5bMqo1GtWQhoa,0.7020000000000001,160787,0.642,1devU3Tqs5bMqo1GtWQhoa,7.18e-05,6,0.10800000000000001,0.20374362659548986,0,El Colmo,0.0263,0.6099397146032276,4,https://api.spotify.com/v1/tracks/1devU3Tqs5bMqo1GtWQhoa,audio_features,spotify:track:1devU3Tqs5bMqo1GtWQhoa,0.8029999999999999,0.0
0.8009999999999999,Walk On Water (feat. Beyoncé),https://api.spotify.com/v1/audio-analysis/5b2QnYcT9rQIkhRWt4HztQ,0.49,303781,0.598,5b2QnYcT9rQIkhRWt4HztQ,0.0,9,0.5760000000000001,0.16473325805016598,0,Walk On Water (feat. Beyoncé),0.18600000000000003,0.4130680644748877,4,https://api.spotify.com/v1/tracks/5b2QnYcT9rQIkhRWt4HztQ,audio_features,spotify:track:5b2QnYcT9rQIkhRWt4HztQ,0.61,0.0
0.0019399999999999999,Lemon,https://api.spotify.com/v1/audio-analysis/6tUgfsOa8PLkoede5nOR7D,0.919,219880,0.73,6tUgfsOa8PLkoede5nOR7D,8.51e-05,1,0.10099999999999999,0.22519932929541805,1,Lemon,0.08800000000000001,0.4673544250267989,4,https://api.spotify.com/v1/tracks/6tUgfsOa8PLkoede5nOR7D,audio_features,spotify:track:6tUgfsOa8PLkoede5nOR7D,0.18899999999999997,0.0
0.9940000000000001,Home Alone - 25th Anniversary Edition,https://api.spotify.com/v1/audio-analysis/4tHqQMWSqmL6YjXwsqthDI,0.418,85267,0.106,4tHqQMWSqmL6YjXwsqthDI,0.0292,8,0.179,0.770181021797899,0,Carol of the Bells,0.0448,0.2297237492992929,4,https://api.spotify.com/v1/tracks/4tHqQMWSqmL6YjXwsqthDI,audio_features,spotify:track:4tHqQMWSqmL6YjXwsqthDI,0.8,0.0
0.149,Without Warning,https://api.spotify.com/v1/audio-analysis/7sO5G9EABYOXQKNPNiE9NR,0.88,172800,0.428,7sO5G9EABYOXQKNPNiE9NR,5.07e-05,9,0.114,0.2833384662765629,1,Ric Flair Drip,0.20600000000000002,0.49175870106114095,4,https://api.spotify.com/v1/tracks/7sO5G9EABYOXQKNPNiE9NR,audio_features,spotify:track:7sO5G9EABYOXQKNPNiE9NR,0.33299999999999996,0.0
0.0485,GUMMO,https://api.spotify.com/v1/audio-analysis/2vjmyyAnDUzilFYxOlTdO1,0.6890000000000001,157643,0.7609999999999999,2vjmyyAnDUzilFYxOlTdO1,0.0,1,0.136,0.1690107107415392,1,GUMMO,0.13,0.3860724014830404,4,https://api.spotify.com/v1/tracks/2vjmyyAnDUzilFYxOlTdO1,audio_features,spotify:track:2vjmyyAnDUzilFYxOlTdO1,0.698,0.0
0.0327,Hefner,https://api.spotify.com/v1/audio-analysis/43yQh7QxAPYQ7NifYGMboM,0.705,105231,0.8490000000000001,43yQh7QxAPYQ7NifYGMboM,0.0,1,0.152,0.1904321938199364,1,Hefner,0.18100000000000002,0.6388186815888593,4,https://api.spotify.com/v1/tracks/43yQh7QxAPYQ7NifYGMboM,audio_features,spotify:track:43yQh7QxAPYQ7NifYGMboM,0.491,0.0
0.0834,Wake Me Up,https://api.spotify.com/v1/audio-analysis/3GvaQp4dS3htsegKXq7tUp,0.667,227160,0.8009999999999999,3GvaQp4dS3htsegKXq7tUp,0.00557,11,0.513,0.16719707080039695,0,Wake Me Up,0.369,0.4016059714996607,4,https://api.spotify.com/v1/tracks/3GvaQp4dS3htsegKXq7tUp,audio_features,spotify:track:3GvaQp4dS3htsegKXq7tUp,0.5579999999999999,0.0
0.12,Juice,https://api.spotify.com/v1/audio-analysis/7dlwZmyBmzUbhDsgiXHGMW,0.821,196489,0.716,7dlwZmyBmzUbhDsgiXHGMW,0.0,0,0.126,0.14707593334017727,1,Juice,0.136,0.5160547977538035,4,https://api.spotify.com/v1/tracks/7dlwZmyBmzUbhDsgiXHGMW,audio_features,spotify:track:7dlwZmyBmzUbhDsgiXHGMW,0.7,0.0
0.596,"Un Poco Loco (From ""Coco"")",https://api.spotify.com/v1/audio-analysis/2lv3VeIXioaiUTHlpVryUv,0.599,112205,0.501,2lv3VeIXioaiUTHlpVryUv,1.66e-05,2,0.321,0.2550046196489067,1,"Un Poco Loco - From ""Coco""",0.132,0.6233195322718644,4,https://api.spotify.com/v1/tracks/2lv3VeIXioaiUTHlpVryUv,audio_features,spotify:track:2lv3VeIXioaiUTHlpVryUv,0.574,0.0
0.0137,Poetica,https://api.spotify.com/v1/audio-analysis/2LrSLJLhv7oATJZcuLtKt6,0.23800000000000002,293960,0.618,2LrSLJLhv7oATJZcuLtKt6,0.0,7,0.0727,0.22263285768059407,1,Poetica,0.0373,0.6878140888840808,3,https://api.spotify.com/v1/tracks/2LrSLJLhv7oATJZcuLtKt6,audio_features,spotify:track:2LrSLJLhv7oATJZcuLtKt6,0.20600000000000002,0.0
0.182,Female,https://api.spotify.com/v1/audio-analysis/3Ze8nX7ZYOnAgf8A1hDQQ9,0.562,194000,0.474,3Ze8nX7ZYOnAgf8A1hDQQ9,9.8e-05,8,0.114,0.2998323238544982,0,Female,0.0351,0.4179607210644847,4,https://api.spotify.com/v1/tracks/3Ze8nX7ZYOnAgf8A1hDQQ9,audio_features,spotify:track:3Ze8nX7ZYOnAgf8A1hDQQ9,0.345,0.0
0.0699,Crisis (feat. 21 Savage),https://api.spotify.com/v1/audio-analysis/6GmjF0MtrK8UHQlIh6tzRt,0.898,216190,0.6709999999999999,6GmjF0MtrK8UHQlIh6tzRt,5.17e-05,11,0.12,0.20333299113711806,0,Crisis (feat. 21 Savage),0.22699999999999998,0.7129608685817688,4,https://api.spotify.com/v1/tracks/6GmjF0MtrK8UHQlIh6tzRt,audio_features,spotify:track:6GmjF0MtrK8UHQlIh6tzRt,0.6679999999999999,0.0
0.617,8/13,https://api.spotify.com/v1/audio-analysis/77Q4XLr7F1buFSOiDdctFM,0.693,196701,0.46799999999999997,77Q4XLr7F1buFSOiDdctFM,0.0,8,0.373,0.32847414707593336,1,8/13,0.158,0.4768152001809545,4,https://api.spotify.com/v1/tracks/77Q4XLr7F1buFSOiDdctFM,audio_features,spotify:track:77Q4XLr7F1buFSOiDdctFM,0.636,0.0
0.168,Wanted You (feat. Lil Uzi Vert),https://api.spotify.com/v1/audio-analysis/790MhTXPFrYkrqCKvpg4t1,0.7929999999999999,228080,0.718,790MhTXPFrYkrqCKvpg4t1,0.0,9,0.24100000000000002,0.16993464052287582,0,Wanted You (feat. Lil Uzi Vert),0.0547,0.7222692092090123,4,https://api.spotify.com/v1/tracks/790MhTXPFrYkrqCKvpg4t1,audio_features,spotify:track:790MhTXPFrYkrqCKvpg4t1,0.649,0.0
0.244,"Oh, Vita!",https://api.spotify.com/v1/audio-analysis/5Wj82tQoyHLfhXLlxzTZTk,0.6629999999999999,214853,0.868,5Wj82tQoyHLfhXLlxzTZTk,0.0,8,0.287,0.2882660917770249,1,"Oh, Vita!",0.156,0.44688394323534897,4,https://api.spotify.com/v1/tracks/5Wj82tQoyHLfhXLlxzTZTk,audio_features,spotify:track:5Wj82tQoyHLfhXLlxzTZTk,0.687,0.0
0.165,Boa Me (feat. Ed Sheeran & Mugeez),https://api.spotify.com/v1/audio-analysis/03EcqaAMg58r10dgbl0o6y,0.9059999999999999,180500,0.597,03EcqaAMg58r10dgbl0o6y,2.94e-06,0,0.0775,0.08780754884850972,1,Boa Me (feat. Ed Sheeran & Mugeez),0.0764,0.6097774455907083,4,https://api.spotify.com/v1/tracks/03EcqaAMg58r10dgbl0o6y,audio_features,spotify:track:03EcqaAMg58r10dgbl0o6y,0.9670000000000001,0.0
0.0312,Reckless Love,https://api.spotify.com/v1/audio-analysis/7rKCmo4SZhKubupJdsuM5S,0.573,331125,0.688,7rKCmo4SZhKubupJdsuM5S,0.0,6,0.0962,0.2499058960407898,1,Reckless Love,0.0372,0.5445305508295388,4,https://api.spotify.com/v1/tracks/7rKCmo4SZhKubupJdsuM5S,audio_features,spotify:track:7rKCmo4SZhKubupJdsuM5S,0.18899999999999997,0.0
0.369,88glam,https://api.spotify.com/v1/audio-analysis/64Hpl5XnXbIWq1oI77gcNW,0.747,195200,0.557,64Hpl5XnXbIWq1oI77gcNW,3.53e-05,1,0.10300000000000001,0.30698422475447423,0,12,0.069,0.737414317044147,4,https://api.spotify.com/v1/tracks/64Hpl5XnXbIWq1oI77gcNW,audio_features,spotify:track:64Hpl5XnXbIWq1oI77gcNW,0.552,0.0
0.19899999999999998,Good Together,https://api.spotify.com/v1/audio-analysis/763v0n4szIsWp3HOsfi7qq,0.598,205295,0.415,763v0n4szIsWp3HOsfi7qq,0.0,6,0.111,0.2423091400609109,1,Good Together,0.0668,0.5908116400971647,4,https://api.spotify.com/v1/tracks/763v0n4szIsWp3HOsfi7qq,audio_features,spotify:track:763v0n4szIsWp3HOsfi7qq,0.299,0.0
0.423,Sensualidad,https://api.spotify.com/v1/audio-analysis/5hcisvFMidkMJlElTO9Qmw,0.807,297485,0.6809999999999999,5hcisvFMidkMJlElTO9Qmw,0.0,11,0.0962,0.21448858775621946,1,Sensualidad,0.0983,0.6884434959629436,4,https://api.spotify.com/v1/tracks/5hcisvFMidkMJlElTO9Qmw,audio_features,spotify:track:5hcisvFMidkMJlElTO9Qmw,0.6759999999999999,0.0
0.0597,Bicycle - EP,https://api.spotify.com/v1/audio-analysis/73TuAKyAld030tWLT64w6W,0.46299999999999997,207640,0.965,73TuAKyAld030tWLT64w6W,0.0031,1,0.11699999999999999,0.09992129487047874,0,Trouble in the Streets,0.159,1.0,4,https://api.spotify.com/v1/tracks/73TuAKyAld030tWLT64w6W,audio_features,spotify:track:73TuAKyAld030tWLT64w6W,0.618,0.0
0.0149,Pick It Up (feat. A$AP Rocky),https://api.spotify.com/v1/audio-analysis/3ncgNpxLoBQ65ABk4djDyd,0.9209999999999999,191252,0.467,3ncgNpxLoBQ65ABk4djDyd,0.00023799999999999998,1,0.33399999999999996,0.2889162645861137,1,Pick It Up (feat. A$AP Rocky),0.11900000000000001,0.6687204350776432,4,https://api.spotify.com/v1/tracks/3ncgNpxLoBQ65ABk4djDyd,audio_features,spotify:track:3ncgNpxLoBQ65ABk4djDyd,0.287,0.0
0.9740000000000001,Coco (Banda Sonora Original en Español),https://api.spotify.com/v1/audio-analysis/0rUeyAypoUUFzobbSWOe0U,0.5710000000000001,73650,0.0413,0rUeyAypoUUFzobbSWOe0U,0.0,5,0.111,0.6663586900728877,0,Recuérdame (Reencuentro),0.08900000000000001,0.3777573439021271,4,https://api.spotify.com/v1/tracks/0rUeyAypoUUFzobbSWOe0U,audio_features,spotify:track:0rUeyAypoUUFzobbSWOe0U,0.34700000000000003,0.0
0.33,Perception,https://api.spotify.com/v1/audio-analysis/6mrKP2jyIQmM0rw6fQryjr,0.659,212120,0.716,6mrKP2jyIQmM0rw6fQryjr,0.0,5,0.17300000000000001,0.19412791294528284,0,Let You Down,0.111,0.7278256935770974,4,https://api.spotify.com/v1/tracks/6mrKP2jyIQmM0rw6fQryjr,audio_features,spotify:track:6mrKP2jyIQmM0rw6fQryjr,0.43700000000000006,0.0
0.03,Criminal,https://api.spotify.com/v1/audio-analysis/6Za3190Sbw39BBC77WSS1C,0.8140000000000001,232550,0.813,6Za3190Sbw39BBC77WSS1C,9.329999999999999e-05,2,0.255,0.10344591588817027,0,Criminal,0.0561,0.3933646725608017,4,https://api.spotify.com/v1/tracks/6Za3190Sbw39BBC77WSS1C,audio_features,spotify:track:6Za3190Sbw39BBC77WSS1C,0.8390000000000001,0.0
0.00266,The Plan,https://api.spotify.com/v1/audio-analysis/3hmrgEKcLEQi0rlk3mJfZ7,0.8009999999999999,249934,0.604,3hmrgEKcLEQi0rlk3mJfZ7,0.0,1,0.159,0.2678711973445574,1,The Plan,0.423,0.5806821199217175,4,https://api.spotify.com/v1/tracks/3hmrgEKcLEQi0rlk3mJfZ7,audio_features,spotify:track:3hmrgEKcLEQi0rlk3mJfZ7,0.359,0.0
0.0203,New Year's Eve,https://api.spotify.com/v1/audio-analysis/6dflpAsLqeSbDndJEfNWvc,0.5539999999999999,207727,0.845,6dflpAsLqeSbDndJEfNWvc,0.0,0,0.40399999999999997,0.10563597166615338,1,New Year's Eve,0.0387,0.5603296519575544,4,https://api.spotify.com/v1/tracks/6dflpAsLqeSbDndJEfNWvc,audio_features,spotify:track:6dflpAsLqeSbDndJEfNWvc,0.301,0.0
